-3.985351943969726562e+01,-4.419238281250000000e+01,-4.187825393676757812e+01,-4.380948638916015625e+01,-4.185353088378906250e+01,-4.255310821533203125e+01,-3.988607025146484375e+01,-4.223639297485351562e+01,-4.245056915283203125e+01,-4.328867340087890625e+01,-4.210849761962890625e+01,-4.460742950439453125e+01,-4.181531143188476562e+01,-4.283264541625976562e+01,-4.212786102294921875e+01,-4.045774078369140625e+01,-4.269097900390625000e+01,-4.055106353759765625e+01,-4.127340698242187500e+01,-4.246369934082031250e+01,-4.152590942382812500e+01,-4.211994171142578125e+01,-4.307767868041992188e+01,-4.293937683105468750e+01,-4.422589111328125000e+01,-4.452954483032226562e+01,-4.156338500976562500e+01,-4.195507812500000000e+01,-4.232526397705078125e+01,-4.109580993652343750e+01
-4.509302139282226562e+01,-4.369207000732421875e+01,-4.363182449340820312e+01,-3.990922546386718750e+01,-4.064560699462890625e+01,-3.775142669677734375e+01,-3.787659072875976562e+01,-4.014712524414062500e+01,-4.072934722900390625e+01,-4.389198303222656250e+01,-4.577181243896484375e+01,-4.184162902832031250e+01,-4.028200149536132812e+01,-4.109683609008789062e+01,-4.835200500488281250e+01,-3.796049118041992188e+01,-4.087943267822265625e+01,-3.993523406982421875e+01,-4.220803833007812500e+01,-4.145788955688476562e+01,-3.989264297485351562e+01,-3.922280120849609375e+01,-3.628479385375976562e+01,-4.053218841552734375e+01,-3.976284408569335938e+01,-3.574292373657226562e+01,-3.594452667236328125e+01,-3.810140991210937500e+01,-3.769167327880859375e+01,-3.804824066162109375e+01
-4.239615249633789062e+01,-4.278899383544921875e+01,-4.158867645263671875e+01,-4.021217346191406250e+01,-4.212433624267578125e+01,-3.926671981811523438e+01,-3.596004867553710938e+01,-3.898579406738281250e+01,-4.036927795410156250e+01,-4.206755828857421875e+01,-4.565475082397460938e+01,-4.285134124755859375e+01,-3.889330291748046875e+01,-3.936095428466796875e+01,-4.928582382202148438e+01,-4.273614120483398438e+01,-4.031663131713867188e+01,-3.808705902099609375e+01,-4.277303695678710938e+01,-3.824150085449218750e+01,-4.052773284912109375e+01,-4.331997680664062500e+01,-3.172033691406250000e+01,-4.205812835693359375e+01,-3.795061492919921875e+01,-3.471764373779296875e+01,-3.394414520263671875e+01,-3.929784393310546875e+01,-3.596886825561523438e+01,-3.784079742431640625e+01
-4.257377243041992188e+01,-4.544809722900390625e+01,-3.140722274780273438e+01,-3.222605133056640625e+01,-3.642890167236328125e+01,-4.589169311523437500e+01,-4.094741821289062500e+01,-4.368281936645507812e+01,-4.763330459594726562e+01,-4.841583251953125000e+01,-4.468179321289062500e+01,-4.826684570312500000e+01,-4.558642578125000000e+01,-4.256120300292968750e+01,-4.220764923095703125e+01,-4.281141281127929688e+01,-4.793326187133789062e+01,-4.507444000244140625e+01,-4.789964294433593750e+01,-4.525254058837890625e+01,-5.274729537963867188e+01,-4.304959106445312500e+01,-3.057765197753906250e+01,-5.051324081420898438e+01,-4.511294555664062500e+01,-4.012371826171875000e+01,-3.384207916259765625e+01,-4.073044967651367188e+01,-4.486793518066406250e+01,-4.591199111938476562e+01
-3.515265655517578125e+01,-2.349762725830078125e+01,-1.982033157348632812e+01,-2.053000259399414062e+01,-2.340812683105468750e+01,-3.681238174438476562e+01,-4.058190155029296875e+01,-4.893738937377929688e+01,-4.351233673095703125e+01,-5.124633789062500000e+01,-3.919236755371093750e+01,-4.389039611816406250e+01,-4.744841766357421875e+01,-4.581076049804687500e+01,-4.278239059448242188e+01,-4.236479187011718750e+01,-4.820938491821289062e+01,-4.315344238281250000e+01,-4.922712326049804688e+01,-4.663797378540039062e+01,-5.037178802490234375e+01,-4.462180328369140625e+01,-3.641809463500976562e+01,-4.241862869262695312e+01,-3.409700012207031250e+01,-2.700254058837890625e+01,-3.068278503417968750e+01,-4.082268905639648438e+01,-4.766007232666015625e+01,-4.497655487060546875e+01
-1.259784793853759766e+01,-1.384185409545898438e+01,-1.963327789306640625e+01,-2.064221191406250000e+01,-2.087639808654785156e+01,-3.330374908447265625e+01,-4.527014160156250000e+01,-4.812117004394531250e+01,-4.802117538452148438e+01,-4.675443267822265625e+01,-3.867588806152343750e+01,-3.653711318969726562e+01,-4.775463485717773438e+01,-4.047519683837890625e+01,-3.884798431396484375e+01,-3.852733612060546875e+01,-3.929187393188476562e+01,-3.726062011718750000e+01,-4.167331695556640625e+01,-4.040919494628906250e+01,-4.204548263549804688e+01,-3.093080902099609375e+01,-2.841599273681640625e+01,-1.698159408569335938e+01,-1.178618240356445312e+01,-1.659822654724121094e+01,-1.982526016235351562e+01,-1.556976985931396484e+01,-2.014816093444824219e+01,-2.961154937744140625e+01
-8.787820816040039062e+00,-2.058078765869140625e+01,-3.562064361572265625e+01,-3.664224624633789062e+01,-3.462578582763671875e+01,-4.034463119506835938e+01,-4.389928436279296875e+01,-4.923545837402343750e+01,-4.967797088623046875e+01,-5.143177413940429688e+01,-3.269342041015625000e+01,-2.196500015258789062e+01,-3.259452056884765625e+01,-3.866178131103515625e+01,-3.572296524047851562e+01,-3.617681503295898438e+01,-3.827392959594726562e+01,-3.562967300415039062e+01,-2.496464920043945312e+01,-2.764031410217285156e+01,-2.927403068542480469e+01,-1.884352111816406250e+01,-8.458703994750976562e+00,-4.496930122375488281e+00,-7.415076255798339844e+00,-2.246001815795898438e+01,-1.975485610961914062e+01,-1.003175735473632812e+01,-1.047663211822509766e+01,-1.285968303680419922e+01
-1.370837020874023438e+01,-3.452227783203125000e+01,-4.546496582031250000e+01,-4.243981170654296875e+01,-4.600133895874023438e+01,-4.716048049926757812e+01,-4.484290313720703125e+01,-5.216952514648437500e+01,-4.662861251831054688e+01,-5.294249725341796875e+01,-2.911618423461914062e+01,-9.841033935546875000e+00,-1.192123985290527344e+01,-2.350436782836914062e+01,-3.220733642578125000e+01,-3.243167877197265625e+01,-2.191968917846679688e+01,-1.014063262939453125e+01,-5.804274559020996094e+00,-5.342172622680664062e+00,-4.882306098937988281e+00,-4.021902084350585938e+00,-1.973171234130859375e+00,-3.449128150939941406e+00,-1.179679870605468750e+01,-3.896490478515625000e+01,-2.097938919067382812e+01,-1.529286384582519531e+01,-1.178816318511962891e+01,-8.894370079040527344e+00
-2.704747390747070312e+01,-4.287325668334960938e+01,-4.188179016113281250e+01,-3.994364166259765625e+01,-4.562266921997070312e+01,-4.754326629638671875e+01,-5.163394165039062500e+01,-5.484886169433593750e+01,-5.675019073486328125e+01,-5.764733505249023438e+01,-2.925661468505859375e+01,-1.225251770019531250e+01,-5.923887252807617188e+00,-7.371845722198486328e+00,-1.160352706909179688e+01,-1.175266647338867188e+01,-8.036794662475585938e+00,-6.972617149353027344e+00,-6.802292823791503906e+00,-5.642880439758300781e+00,-4.894368171691894531e+00,-7.046859741210937500e+00,-1.039583206176757812e+01,-1.875521087646484375e+01,-3.177570152282714844e+01,-4.815174484252929688e+01,-2.319364547729492188e+01,-3.298629760742187500e+01,-3.044547271728515625e+01,-2.164620590209960938e+01
-3.723580169677734375e+01,-3.120936775207519531e+01,-1.666798210144042969e+01,-1.651269721984863281e+01,-2.172132301330566406e+01,-4.757358169555664062e+01,-5.351950073242187500e+01,-5.393926239013671875e+01,-5.134016418457031250e+01,-5.810772705078125000e+01,-3.160456848144531250e+01,-2.460970497131347656e+01,-9.598924636840820312e+00,-3.464982986450195312e+00,-2.384031295776367188e+00,-2.905391693115234375e+00,-5.674845695495605469e+00,-1.391411113739013672e+01,-2.004596138000488281e+01,-1.830250930786132812e+01,-1.700078392028808594e+01,-2.062499427795410156e+01,-2.503834152221679688e+01,-3.700730895996093750e+01,-4.199245834350585938e+01,-4.889595413208007812e+01,-2.396564865112304688e+01,-3.283672714233398438e+01,-4.553861618041992188e+01,-4.001095199584960938e+01
-3.665527343750000000e+01,-1.582524776458740234e+01,-1.088965606689453125e+01,-1.242433929443359375e+01,-1.649391555786132812e+01,-3.702907180786132812e+01,-5.123651123046875000e+01,-5.006894683837890625e+01,-5.083382415771484375e+01,-6.012211227416992188e+01,-3.759054565429687500e+01,-3.569084930419921875e+01,-2.708290100097656250e+01,-1.511348915100097656e+01,-9.191736221313476562e+00,-1.000922393798828125e+01,-1.652383804321289062e+01,-3.395617675781250000e+01,-4.234458923339843750e+01,-3.929588317871093750e+01,-4.491953277587890625e+01,-3.155099868774414062e+01,-3.196671104431152344e+01,-4.388093566894531250e+01,-4.950751495361328125e+01,-3.776023101806640625e+01,-2.602928543090820312e+01,-3.120986366271972656e+01,-4.213433074951171875e+01,-4.436679840087890625e+01
-2.096232223510742188e+01,-7.937189102172851562e+00,-1.442747306823730469e+01,-1.876036834716796875e+01,-1.986355590820312500e+01,-3.636237335205078125e+01,-5.041007995605468750e+01,-5.053421020507812500e+01,-5.223153305053710938e+01,-6.360625076293945312e+01,-4.264544296264648438e+01,-3.823883438110351562e+01,-4.330002212524414062e+01,-3.434746932983398438e+01,-3.258946228027343750e+01,-3.154917907714843750e+01,-3.231499481201171875e+01,-3.892220306396484375e+01,-4.403437042236328125e+01,-4.494384765625000000e+01,-4.798522567749023438e+01,-3.414703750610351562e+01,-3.191962432861328125e+01,-4.690472793579101562e+01,-3.591912841796875000e+01,-3.047979354858398438e+01,-2.521920013427734375e+01,-3.028902816772460938e+01,-4.089759826660156250e+01,-4.420488739013671875e+01
-1.496439456939697266e+01,-1.244067192077636719e+01,-2.670573806762695312e+01,-3.354698181152343750e+01,-3.691471481323242188e+01,-4.980706405639648438e+01,-4.797088623046875000e+01,-5.355450057983398438e+01,-6.137578201293945312e+01,-6.006653594970703125e+01,-4.823707962036132812e+01,-4.661306381225585938e+01,-5.226331329345703125e+01,-4.178797149658203125e+01,-3.668702697753906250e+01,-3.534066009521484375e+01,-3.509865570068359375e+01,-3.976770782470703125e+01,-4.723214340209960938e+01,-4.837155532836914062e+01,-5.273445510864257812e+01,-4.444832992553710938e+01,-3.217832565307617188e+01,-4.217888641357421875e+01,-2.723699188232421875e+01,-3.703873062133789062e+01,-2.704883956909179688e+01,-1.658616828918457031e+01,-2.863201141357421875e+01,-3.661891937255859375e+01
-1.583027553558349609e+01,-2.581114006042480469e+01,-4.042221832275390625e+01,-3.273841476440429688e+01,-4.146091461181640625e+01,-5.083172607421875000e+01,-5.048748397827148438e+01,-5.470831680297851562e+01,-5.622554779052734375e+01,-6.317696380615234375e+01,-4.503829956054687500e+01,-3.810647201538085938e+01,-4.899228668212890625e+01,-4.402077484130859375e+01,-4.013116455078125000e+01,-3.951710510253906250e+01,-3.811204528808593750e+01,-3.921388244628906250e+01,-4.324899291992187500e+01,-5.006381225585937500e+01,-5.274694442749023438e+01,-4.166421890258789062e+01,-3.558411407470703125e+01,-2.379367256164550781e+01,-2.632239913940429688e+01,-5.500534057617187500e+01,-2.428387451171875000e+01,-9.477503776550292969e+00,-1.174049663543701172e+01,-1.901300048828125000e+01
-2.345689773559570312e+01,-3.702112579345703125e+01,-2.384416961669921875e+01,-2.065448760986328125e+01,-2.714213562011718750e+01,-4.957898330688476562e+01,-5.128436279296875000e+01,-5.977415466308593750e+01,-5.814775085449218750e+01,-6.092893218994140625e+01,-3.960804748535156250e+01,-2.532441711425781250e+01,-4.441851425170898438e+01,-4.386019515991210938e+01,-3.973679351806640625e+01,-4.132291412353515625e+01,-4.054811859130859375e+01,-3.756305694580078125e+01,-4.245484161376953125e+01,-4.467854690551757812e+01,-4.181071090698242188e+01,-3.239297866821289062e+01,-2.229676437377929688e+01,-1.922821807861328125e+01,-3.506741333007812500e+01,-5.345048141479492188e+01,-2.264781570434570312e+01,-1.693345451354980469e+01,-9.478773117065429688e+00,-7.592542648315429688e+00
-3.144402503967285156e+01,-2.992379760742187500e+01,-9.623588562011718750e+00,-9.022422790527343750e+00,-1.951247787475585938e+01,-4.331977462768554688e+01,-4.435858535766601562e+01,-5.383912658691406250e+01,-5.294982910156250000e+01,-5.879922485351562500e+01,-3.629412078857421875e+01,-1.358215618133544922e+01,-2.525283050537109375e+01,-3.673037719726562500e+01,-3.887825775146484375e+01,-3.792577362060546875e+01,-2.885892105102539062e+01,-2.030701065063476562e+01,-1.590980911254882812e+01,-2.011432456970214844e+01,-2.035132980346679688e+01,-1.652554702758789062e+01,-1.991377258300781250e+01,-2.353124809265136719e+01,-4.415299606323242188e+01,-5.297900390625000000e+01,-2.198243331909179688e+01,-3.213152313232421875e+01,-1.713355827331542969e+01,-7.053118228912353516e+00
-4.045027542114257812e+01,-2.032796096801757812e+01,-7.462910652160644531e+00,-1.288976573944091797e+01,-2.031930160522460938e+01,-4.675786972045898438e+01,-4.846930694580078125e+01,-4.823735809326171875e+01,-4.715035629272460938e+01,-5.428045654296875000e+01,-3.491379547119140625e+01,-1.267334747314453125e+01,-1.344206333160400391e+01,-3.128357696533203125e+01,-3.964891815185546875e+01,-3.912466430664062500e+01,-2.599519348144531250e+01,-8.258536338806152344e+00,-1.138040828704833984e+01,-1.431405925750732422e+01,-1.447568225860595703e+01,-1.506927013397216797e+01,-3.201235961914062500e+01,-4.201585388183593750e+01,-5.510449218750000000e+01,-5.188786697387695312e+01,-2.346944427490234375e+01,-3.137755584716796875e+01,-3.399078369140625000e+01,-2.096849632263183594e+01
-3.017437553405761719e+01,-1.502455043792724609e+01,-1.169412422180175781e+01,-2.305573654174804688e+01,-2.636708831787109375e+01,-4.931089782714843750e+01,-4.845843887329101562e+01,-4.730576705932617188e+01,-4.668033599853515625e+01,-5.052706527709960938e+01,-3.429665374755859375e+01,-2.025943183898925781e+01,-7.068475723266601562e+00,-1.467500686645507812e+01,-3.091677093505859375e+01,-3.090314674377441406e+01,-9.377382278442382812e+00,-3.428404808044433594e+00,-1.840224266052246094e+01,-1.979641151428222656e+01,-1.964638519287109375e+01,-2.300678634643554688e+01,-3.901951599121093750e+01,-5.699110794067382812e+01,-5.092277145385742188e+01,-4.425186157226562500e+01,-2.239856719970703125e+01,-3.103293609619140625e+01,-3.930382537841796875e+01,-3.135140609741210938e+01
-2.296103477478027344e+01,-2.386217117309570312e+01,-2.524790954589843750e+01,-2.488183212280273438e+01,-3.554026412963867188e+01,-5.337455749511718750e+01,-5.160446548461914062e+01,-5.610073089599609375e+01,-4.826823043823242188e+01,-5.126008605957031250e+01,-3.773724746704101562e+01,-3.081931304931640625e+01,-1.127004623413085938e+01,-6.168538093566894531e+00,-1.614331245422363281e+01,-1.337512683868408203e+01,-3.076972961425781250e-01,-7.909753322601318359e+00,-3.447460174560546875e+01,-4.234534835815429688e+01,-4.207886886596679688e+01,-4.090229034423828125e+01,-4.155748367309570312e+01,-5.334932327270507812e+01,-3.876943969726562500e+01,-4.606598663330078125e+01,-2.260094642639160156e+01,-2.578221321105957031e+01,-3.630642700195312500e+01,-3.546517944335937500e+01
-1.703323554992675781e+01,-3.004991340637207031e+01,-2.980559158325195312e+01,-2.340570068359375000e+01,-3.591928863525390625e+01,-4.958901977539062500e+01,-4.567404174804687500e+01,-4.869321441650390625e+01,-4.833150863647460938e+01,-5.355409240722656250e+01,-4.070413970947265625e+01,-3.314797210693359375e+01,-2.100934791564941406e+01,-6.418405532836914062e+00,-6.182010650634765625e+00,-5.036379814147949219e+00,9.536743164062500000e-07,-1.055722332000732422e+01,-3.312030029296875000e+01,-4.616286849975585938e+01,-5.192228317260742188e+01,-4.482417297363281250e+01,-4.005324935913085938e+01,-4.421028900146484375e+01,-2.897528839111328125e+01,-4.989408493041992188e+01,-2.491242980957031250e+01,-1.000407600402832031e+01,-1.741102600097656250e+01,-2.968386459350585938e+01
-1.638069915771484375e+01,-3.825498580932617188e+01,-1.922629165649414062e+01,-1.483049106597900391e+01,-3.194076538085937500e+01,-4.999738311767578125e+01,-4.483135223388671875e+01,-4.527484512329101562e+01,-4.877098083496093750e+01,-5.521694564819335938e+01,-4.513776397705078125e+01,-3.764436340332031250e+01,-3.664636993408203125e+01,-1.897753143310546875e+01,-1.218400573730468750e+01,-1.229571533203125000e+01,-1.409770393371582031e+01,-1.722648811340332031e+01,-4.035824966430664062e+01,-4.920851135253906250e+01,-4.867496490478515625e+01,-3.988666534423828125e+01,-3.834992599487304688e+01,-3.244725799560546875e+01,-2.714183044433593750e+01,-5.192569732666015625e+01,-2.631568145751953125e+01,-4.236045837402343750e+00,-5.525766372680664062e+00,-2.082804489135742188e+01
-1.884315872192382812e+01,-3.942810821533203125e+01,-1.679606246948242188e+01,-1.315811634063720703e+01,-2.494498443603515625e+01,-4.860896301269531250e+01,-5.098704910278320312e+01,-4.665966415405273438e+01,-4.748933029174804688e+01,-5.681885910034179688e+01,-4.811461639404296875e+01,-3.843840026855468750e+01,-4.730315399169921875e+01,-3.738014984130859375e+01,-3.675072097778320312e+01,-3.683669281005859375e+01,-2.919128799438476562e+01,-2.334642791748046875e+01,-4.276044464111328125e+01,-5.223744964599609375e+01,-4.771549606323242188e+01,-3.190154266357421875e+01,-3.097898674011230469e+01,-2.257934951782226562e+01,-3.158085823059082031e+01,-5.871464157104492188e+01,-2.047255706787109375e+01,-7.636973381042480469e+00,-2.842667579650878906e+00,-1.177696895599365234e+01
-2.739329910278320312e+01,-3.350597000122070312e+01,-2.688180541992187500e+01,-2.501211738586425781e+01,-2.695149803161621094e+01,-5.630893707275390625e+01,-4.652937698364257812e+01,-4.523625946044921875e+01,-5.049436187744140625e+01,-5.165937042236328125e+01,-4.609801101684570312e+01,-3.231820678710937500e+01,-5.336414718627929688e+01,-4.503656005859375000e+01,-4.006147384643554688e+01,-4.054425048828125000e+01,-3.419673156738281250e+01,-3.222947692871093750e+01,-4.515514373779296875e+01,-4.228580474853515625e+01,-4.966078948974609375e+01,-2.624350547790527344e+01,-2.353853607177734375e+01,-2.336847686767578125e+01,-4.321125411987304688e+01,-5.755875778198242188e+01,-2.136451339721679688e+01,-1.697047233581542969e+01,-1.152213287353515625e+01,-8.191421508789062500e+00
-3.448954772949218750e+01,-2.647885513305664062e+01,-3.603878021240234375e+01,-3.637067031860351562e+01,-3.555025482177734375e+01,-5.526771926879882812e+01,-4.255480575561523438e+01,-4.709434509277343750e+01,-5.709851455688476562e+01,-5.135366058349609375e+01,-4.461307907104492188e+01,-2.595251274108886719e+01,-4.892120361328125000e+01,-4.961388397216796875e+01,-4.353794860839843750e+01,-4.349149322509765625e+01,-4.090866088867187500e+01,-3.175767898559570312e+01,-2.077155494689941406e+01,-2.621046066284179688e+01,-2.599930763244628906e+01,-1.607043266296386719e+01,-2.448062896728515625e+01,-3.185839271545410156e+01,-5.136101150512695312e+01,-5.566487121582031250e+01,-2.503224372863769531e+01,-2.836236953735351562e+01,-2.545497894287109375e+01,-1.305052566528320312e+01
-3.983297348022460938e+01,-3.078155136108398438e+01,-4.626290130615234375e+01,-4.068270492553710938e+01,-5.044873809814453125e+01,-5.920512008666992188e+01,-4.540500640869140625e+01,-5.546389007568359375e+01,-5.012207031250000000e+01,-5.089643096923828125e+01,-4.629769134521484375e+01,-2.582199478149414062e+01,-3.864901733398437500e+01,-4.566354751586914062e+01,-4.436229324340820312e+01,-4.730421447753906250e+01,-4.271708679199218750e+01,-2.286287307739257812e+01,-1.028507614135742188e+01,-1.338300704956054688e+01,-1.354941558837890625e+01,-1.260417938232421875e+01,-3.451707077026367188e+01,-5.036040496826171875e+01,-5.161796569824218750e+01,-5.335938262939453125e+01,-3.141796875000000000e+01,-3.689957046508789062e+01,-3.742859649658203125e+01,-3.019405174255371094e+01
-3.680548858642578125e+01,-4.374742507934570312e+01,-3.767407608032226562e+01,-3.611579895019531250e+01,-4.767283630371093750e+01,-5.636882781982421875e+01,-4.655857086181640625e+01,-5.476531219482421875e+01,-4.948586654663085938e+01,-5.152940368652343750e+01,-4.600680160522460938e+01,-3.195682716369628906e+01,-3.391056823730468750e+01,-4.757912445068359375e+01,-4.425812149047851562e+01,-4.889051055908203125e+01,-3.604977416992187500e+01,-8.885618209838867188e+00,-1.022053813934326172e+01,-1.250430679321289062e+01,-1.249539852142333984e+01,-1.732404708862304688e+01,-3.906128692626953125e+01,-6.177780151367187500e+01,-4.618547058105468750e+01,-5.397285842895507812e+01,-3.270922088623046875e+01,-3.918505477905273438e+01,-4.140362548828125000e+01,-3.970188140869140625e+01
-3.576304244995117188e+01,-5.316435241699218750e+01,-3.307109832763671875e+01,-2.959777259826660156e+01,-4.433157730102539062e+01,-5.876984024047851562e+01,-5.225761032104492188e+01,-5.647532653808593750e+01,-5.655516815185546875e+01,-5.965626525878906250e+01,-5.422800445556640625e+01,-4.529838943481445312e+01,-3.792527389526367188e+01,-4.988621902465820312e+01,-5.268759155273437500e+01,-5.022763824462890625e+01,-3.068843841552734375e+01,-6.718349456787109375e+00,-1.942588806152343750e+01,-2.608454513549804688e+01,-2.520321273803710938e+01,-3.497040176391601562e+01,-4.546843338012695312e+01,-5.945173645019531250e+01,-4.510868072509765625e+01,-5.953747177124023438e+01,-3.447839736938476562e+01,-2.358839225769042969e+01,-3.489369201660156250e+01,-4.604280853271484375e+01
-3.289800262451171875e+01,-5.217951583862304688e+01,-3.696837615966796875e+01,-3.124106407165527344e+01,-4.128710174560546875e+01,-5.077750778198242188e+01,-5.367282867431640625e+01,-5.687615203857421875e+01,-5.924000167846679688e+01,-6.558563232421875000e+01,-5.240580368041992188e+01,-5.705973434448242188e+01,-4.782836151123046875e+01,-4.653535079956054688e+01,-5.792805862426757812e+01,-5.058362197875976562e+01,-2.691227722167968750e+01,-1.236017417907714844e+01,-2.344172286987304688e+01,-4.490290069580078125e+01,-4.906555175781250000e+01,-4.281081008911132812e+01,-4.657636260986328125e+01,-5.073195648193359375e+01,-4.098337936401367188e+01,-6.062604141235351562e+01,-3.559630203247070312e+01,-1.694537734985351562e+01,-2.468147468566894531e+01,-4.495035552978515625e+01
-3.611673355102539062e+01,-4.783950424194335938e+01,-4.928150558471679688e+01,-4.139624786376953125e+01,-4.365778732299804688e+01,-4.993234634399414062e+01,-5.008964920043945312e+01,-5.480309295654296875e+01,-5.628171539306640625e+01,-6.096520233154296875e+01,-5.478263854980468750e+01,-5.605946731567382812e+01,-5.038168716430664062e+01,-3.718044281005859375e+01,-4.406925201416015625e+01,-3.742119979858398438e+01,-2.685074234008789062e+01,-2.623859405517578125e+01,-3.186558914184570312e+01,-4.070186614990234375e+01,-4.772785186767578125e+01,-4.080912780761718750e+01,-5.048315429687500000e+01,-4.021241760253906250e+01,-4.428270721435546875e+01,-5.984942626953125000e+01,-4.114918899536132812e+01,-2.239492416381835938e+01,-2.220770454406738281e+01,-4.530810546875000000e+01
-4.070788955688476562e+01,-3.963866806030273438e+01,-5.263578033447265625e+01,-4.659833908081054688e+01,-4.737942504882812500e+01,-5.018798828125000000e+01,-5.025452041625976562e+01,-5.067875671386718750e+01,-6.213109588623046875e+01,-5.773273849487304688e+01,-5.828659439086914062e+01,-5.115382385253906250e+01,-5.654581451416015625e+01,-3.688642120361328125e+01,-3.293933486938476562e+01,-3.095703315734863281e+01,-2.734165191650390625e+01,-3.313323211669921875e+01,-4.380462646484375000e+01,-4.224606323242187500e+01,-4.830586624145507812e+01,-4.642615509033203125e+01,-4.414410400390625000e+01,-3.421760940551757812e+01,-5.248782348632812500e+01,-5.589888000488281250e+01,-5.049754333496093750e+01,-3.907533264160156250e+01,-2.452885055541992188e+01,-3.241447448730468750e+01
-4.126005172729492188e+01,-3.681455230712890625e+01,-4.676118469238281250e+01,-5.029473495483398438e+01,-4.909983825683593750e+01,-5.384066772460937500e+01,-5.705445861816406250e+01,-4.806404876708984375e+01,-6.319595336914062500e+01,-6.420193481445312500e+01,-6.171434783935546875e+01,-4.712742996215820312e+01,-5.812672424316406250e+01,-4.781981658935546875e+01,-3.717192077636718750e+01,-3.806835937500000000e+01,-4.042248535156250000e+01,-3.702790451049804688e+01,-4.771974182128906250e+01,-4.137445831298828125e+01,-4.550003051757812500e+01,-3.789807128906250000e+01,-3.483056640625000000e+01,-3.775919342041015625e+01,-5.671887588500976562e+01,-5.499216461181640625e+01,-5.819667816162109375e+01,-4.857604598999023438e+01,-3.434878540039062500e+01,-2.668477439880371094e+01
-3.480234909057617188e+01,-3.727366638183593750e+01,-3.742454528808593750e+01,-3.764823532104492188e+01,-5.275326919555664062e+01,-5.256401443481445312e+01,-5.453830718994140625e+01,-4.932304000854492188e+01,-5.581089782714843750e+01,-6.779635620117187500e+01,-5.478133392333984375e+01,-3.841625213623046875e+01,-5.958997344970703125e+01,-5.776422119140625000e+01,-5.720790100097656250e+01,-5.181911087036132812e+01,-5.461463928222656250e+01,-3.647381973266601562e+01,-3.038689422607421875e+01,-3.588146972656250000e+01,-3.694961547851562500e+01,-2.516566085815429688e+01,-2.921858215332031250e+01,-4.677477645874023438e+01,-6.161145782470703125e+01,-6.180351638793945312e+01,-5.529442214965820312e+01,-5.079221725463867188e+01,-4.676996612548828125e+01,-2.997475433349609375e+01
-3.348455429077148438e+01,-4.259764099121093750e+01,-3.841937255859375000e+01,-3.626995086669921875e+01,-5.028117752075195312e+01,-5.037429046630859375e+01,-4.893982315063476562e+01,-5.045210266113281250e+01,-5.639465332031250000e+01,-6.421139526367187500e+01,-5.353679275512695312e+01,-3.493991851806640625e+01,-5.526802444458007812e+01,-6.448803710937500000e+01,-6.099705505371093750e+01,-6.068040466308593750e+01,-5.612553024291992188e+01,-3.089523315429687500e+01,-1.497490119934082031e+01,-2.065666580200195312e+01,-2.155047988891601562e+01,-1.710470199584960938e+01,-3.425228118896484375e+01,-5.795481109619140625e+01,-5.818272018432617188e+01,-6.967192077636718750e+01,-4.710998916625976562e+01,-5.395344924926757812e+01,-4.948842239379882812e+01,-4.344953918457031250e+01
-3.464180374145507812e+01,-4.808297348022460938e+01,-4.665979003906250000e+01,-4.264415740966796875e+01,-4.874119186401367188e+01,-4.988884735107421875e+01,-4.908219146728515625e+01,-4.791413879394531250e+01,-5.804140472412109375e+01,-6.084303665161132812e+01,-5.220623016357421875e+01,-3.798315429687500000e+01,-4.800359344482421875e+01,-6.409698486328125000e+01,-6.141380691528320312e+01,-6.498112487792968750e+01,-4.998214340209960938e+01,-2.004055023193359375e+01,-1.032171249389648438e+01,-1.249693202972412109e+01,-1.339691066741943359e+01,-1.770305633544921875e+01,-4.055021667480468750e+01,-5.673399734497070312e+01,-4.928581237792968750e+01,-6.830293273925781250e+01,-4.234822082519531250e+01,-3.240619277954101562e+01,-4.569578933715820312e+01,-5.240939331054687500e+01
-3.974411773681640625e+01,-4.651081848144531250e+01,-5.096529769897460938e+01,-5.244821929931640625e+01,-4.606510925292968750e+01,-5.115887832641601562e+01,-5.093259811401367188e+01,-4.947941207885742188e+01,-5.834315109252929688e+01,-6.504568481445312500e+01,-5.360326004028320312e+01,-4.928005599975585938e+01,-4.698950195312500000e+01,-5.864527511596679688e+01,-6.370713424682617188e+01,-6.757426452636718750e+01,-4.612898254394531250e+01,-1.618286895751953125e+01,-1.767679214477539062e+01,-1.855378532409667969e+01,-1.899006652832031250e+01,-2.979566383361816406e+01,-4.719309997558593750e+01,-5.544535827636718750e+01,-4.624491119384765625e+01,-6.917826843261718750e+01,-4.209847259521484375e+01,-2.690354537963867188e+01,-3.652735519409179688e+01,-6.278702163696289062e+01
-4.495090103149414062e+01,-4.492942810058593750e+01,-4.918061447143554688e+01,-4.962060165405273438e+01,-5.023057556152343750e+01,-5.570424652099609375e+01,-5.697714614868164062e+01,-5.274457931518554688e+01,-5.397102355957031250e+01,-6.453605651855468750e+01,-5.196309661865234375e+01,-4.764875030517578125e+01,-4.335085296630859375e+01,-5.576729965209960938e+01,-5.917295837402343750e+01,-5.900471878051757812e+01,-3.983883285522460938e+01,-2.019561386108398438e+01,-2.554559516906738281e+01,-3.951485824584960938e+01,-3.619273757934570312e+01,-4.817745590209960938e+01,-5.058994674682617188e+01,-4.706328964233398438e+01,-4.978752517700195312e+01,-7.074429321289062500e+01,-4.404591369628906250e+01,-3.122311210632324219e+01,-3.233836364746093750e+01,-6.077490615844726562e+01
-5.482265472412109375e+01,-4.707038116455078125e+01,-4.579827499389648438e+01,-5.493482971191406250e+01,-6.055693817138671875e+01,-5.726378250122070312e+01,-5.965748214721679688e+01,-5.954538726806640625e+01,-5.652546310424804688e+01,-6.406365203857421875e+01,-5.019387435913085938e+01,-4.825429534912109375e+01,-4.277069473266601562e+01,-5.759651184082031250e+01,-6.326900863647460938e+01,-6.193233871459960938e+01,-3.458602905273437500e+01,-3.134826850891113281e+01,-3.481785583496093750e+01,-4.507814025878906250e+01,-5.202125167846679688e+01,-5.478659820556640625e+01,-5.113003158569335938e+01,-4.135494613647460938e+01,-5.893221664428710938e+01,-7.463868713378906250e+01,-4.686594390869140625e+01,-4.589542388916015625e+01,-3.347719573974609375e+01,-4.736293792724609375e+01
-5.420619964599609375e+01,-4.971620941162109375e+01,-4.286149597167968750e+01,-4.732318115234375000e+01,-4.970837020874023438e+01,-5.682639312744140625e+01,-6.513247680664062500e+01,-6.098756027221679688e+01,-6.125710678100585938e+01,-5.676521301269531250e+01,-5.202770614624023438e+01,-4.586248397827148438e+01,-4.735443115234375000e+01,-4.804663848876953125e+01,-5.609209442138671875e+01,-5.529313278198242188e+01,-3.260568237304687500e+01,-3.670722198486328125e+01,-4.121816253662109375e+01,-4.326498413085937500e+01,-4.737373352050781250e+01,-5.267948532104492188e+01,-4.489464569091796875e+01,-4.031787490844726562e+01,-6.230817413330078125e+01,-7.141725158691406250e+01,-4.525545883178710938e+01,-4.663930511474609375e+01,-3.744967269897460938e+01,-3.620021438598632812e+01
-5.173419189453125000e+01,-5.113481903076171875e+01,-4.617008972167968750e+01,-4.759672927856445312e+01,-4.560089874267578125e+01,-6.347340011596679688e+01,-6.129268646240234375e+01,-5.785434722900390625e+01,-5.848487091064453125e+01,-6.081954956054687500e+01,-5.296883392333984375e+01,-4.469708251953125000e+01,-5.806877136230468750e+01,-4.146628189086914062e+01,-4.664048767089843750e+01,-4.074591827392578125e+01,-3.276211547851562500e+01,-4.195535278320312500e+01,-4.722218322753906250e+01,-4.708644104003906250e+01,-5.114132308959960938e+01,-4.867900085449218750e+01,-4.015878295898437500e+01,-4.768824768066406250e+01,-6.269710540771484375e+01,-6.529009246826171875e+01,-4.343584060668945312e+01,-4.238958358764648438e+01,-4.664941406250000000e+01,-3.285711669921875000e+01
-5.024163436889648438e+01,-5.027039718627929688e+01,-4.835559844970703125e+01,-5.004738235473632812e+01,-4.491388702392578125e+01,-6.114614868164062500e+01,-4.815560913085937500e+01,-5.141227340698242188e+01,-5.470365142822265625e+01,-5.861568832397460938e+01,-4.957744216918945312e+01,-3.638188171386718750e+01,-5.465327072143554688e+01,-4.163550949096679688e+01,-3.493814468383789062e+01,-3.317955017089843750e+01,-3.808411026000976562e+01,-4.324692535400390625e+01,-4.326570892333984375e+01,-4.172502899169921875e+01,-4.359136199951171875e+01,-3.614876937866210938e+01,-4.030927658081054688e+01,-5.736063766479492188e+01,-6.073092651367187500e+01,-6.685622406005859375e+01,-4.272527313232421875e+01,-4.307248306274414062e+01,-6.016121673583984375e+01,-3.807281494140625000e+01
-5.177557373046875000e+01,-4.966087341308593750e+01,-5.282748413085937500e+01,-4.658409500122070312e+01,-4.910223007202148438e+01,-5.215700912475585938e+01,-4.559227752685546875e+01,-4.830889892578125000e+01,-5.654306793212890625e+01,-5.771643066406250000e+01,-4.578081130981445312e+01,-3.275803375244140625e+01,-5.579185485839843750e+01,-5.193190765380859375e+01,-3.836917114257812500e+01,-3.879685974121093750e+01,-5.356481933593750000e+01,-4.010981369018554688e+01,-2.377181625366210938e+01,-3.170013999938964844e+01,-3.666804504394531250e+01,-2.439059448242187500e+01,-4.437007904052734375e+01,-6.681735229492187500e+01,-6.042356109619140625e+01,-6.824132537841796875e+01,-4.419729614257812500e+01,-3.613476562500000000e+01,-5.190251541137695312e+01,-4.964080047607421875e+01
-5.243534088134765625e+01,-4.380216217041015625e+01,-4.372254180908203125e+01,-4.439652252197265625e+01,-5.110598754882812500e+01,-5.048095703125000000e+01,-4.864633178710937500e+01,-4.448737335205078125e+01,-5.426700592041015625e+01,-6.058039093017578125e+01,-4.477832794189453125e+01,-3.346924209594726562e+01,-4.653582000732421875e+01,-5.736158752441406250e+01,-5.803631973266601562e+01,-6.046402359008789062e+01,-5.219971084594726562e+01,-2.898080444335937500e+01,-1.241372489929199219e+01,-1.452867031097412109e+01,-1.647265243530273438e+01,-2.155108833312988281e+01,-4.810611724853515625e+01,-6.243703079223632812e+01,-5.408216094970703125e+01,-6.318128967285156250e+01,-4.363023757934570312e+01,-3.111235046386718750e+01,-4.359248733520507812e+01,-5.856503677368164062e+01
-5.251058959960937500e+01,-4.335538482666015625e+01,-3.959076690673828125e+01,-3.747651672363281250e+01,-4.958348846435546875e+01,-5.422185134887695312e+01,-5.135900115966796875e+01,-4.629260253906250000e+01,-6.150956344604492188e+01,-6.639023590087890625e+01,-4.658993911743164062e+01,-3.841143417358398438e+01,-4.080923080444335938e+01,-5.576329421997070312e+01,-5.844046401977539062e+01,-6.749497222900390625e+01,-5.054010391235351562e+01,-2.333881759643554688e+01,-1.419472694396972656e+01,-1.364137935638427734e+01,-1.454430484771728516e+01,-2.952689743041992188e+01,-5.505931091308593750e+01,-6.146917724609375000e+01,-5.349253082275390625e+01,-6.865818786621093750e+01,-4.509941864013671875e+01,-3.764437484741210938e+01,-3.613272476196289062e+01,-6.469730377197265625e+01
-4.895967864990234375e+01,-4.702309036254882812e+01,-4.185507202148437500e+01,-3.632278060913085938e+01,-4.294776153564453125e+01,-5.246094894409179688e+01,-4.897005081176757812e+01,-4.613177108764648438e+01,-5.996730041503906250e+01,-6.090966796875000000e+01,-4.006638717651367188e+01,-3.995880508422851562e+01,-3.982659149169921875e+01,-6.210781478881835938e+01,-5.599654388427734375e+01,-5.994733047485351562e+01,-4.865925979614257812e+01,-2.116765785217285156e+01,-2.934238052368164062e+01,-2.536318206787109375e+01,-2.278121948242187500e+01,-4.151335525512695312e+01,-5.355889129638671875e+01,-5.383924102783203125e+01,-6.143402862548828125e+01,-7.222421264648437500e+01,-4.489183807373046875e+01,-4.864822387695312500e+01,-3.396929931640625000e+01,-5.134201049804687500e+01
-4.499716949462890625e+01,-4.969463348388671875e+01,-4.704497909545898438e+01,-4.059027481079101562e+01,-4.211676788330078125e+01,-5.180994033813476562e+01,-5.265732192993164062e+01,-4.685454559326171875e+01,-6.135909271240234375e+01,-5.060775375366210938e+01,-4.166028594970703125e+01,-4.082094573974609375e+01,-4.044290161132812500e+01,-5.977107238769531250e+01,-5.624683380126953125e+01,-6.533456420898437500e+01,-4.235559082031250000e+01,-2.628880310058593750e+01,-4.644395065307617188e+01,-4.034976196289062500e+01,-3.887059020996093750e+01,-4.301939010620117188e+01,-5.471693420410156250e+01,-5.126484298706054688e+01,-6.333015441894531250e+01,-6.530435180664062500e+01,-4.401139450073242188e+01,-4.865361785888671875e+01,-3.847487640380859375e+01,-4.287815856933593750e+01
-4.554452896118164062e+01,-4.938008499145507812e+01,-5.056457901000976562e+01,-4.572270584106445312e+01,-4.506476593017578125e+01,-5.467262649536132812e+01,-4.892640686035156250e+01,-5.055870056152343750e+01,-5.472850799560546875e+01,-4.672730255126953125e+01,-4.221453094482421875e+01,-4.055122756958007812e+01,-3.870528030395507812e+01,-5.746256637573242188e+01,-5.963162231445312500e+01,-5.980719757080078125e+01,-3.543127441406250000e+01,-3.679569625854492188e+01,-4.117827987670898438e+01,-4.524655914306640625e+01,-4.630596923828125000e+01,-4.562551116943359375e+01,-5.182049179077148438e+01,-5.390802764892578125e+01,-5.995011901855468750e+01,-6.520334625244140625e+01,-4.546238708496093750e+01,-4.618590927124023438e+01,-4.584601593017578125e+01,-3.832305526733398438e+01
-4.896157836914062500e+01,-4.394949340820312500e+01,-5.076225280761718750e+01,-4.656699371337890625e+01,-5.366621780395507812e+01,-5.344099807739257812e+01,-4.567475128173828125e+01,-5.206516647338867188e+01,-5.510491561889648438e+01,-4.887075042724609375e+01,-4.054353332519531250e+01,-3.605684661865234375e+01,-4.183731079101562500e+01,-4.482063293457031250e+01,-6.211334228515625000e+01,-5.381253814697265625e+01,-3.291070556640625000e+01,-3.972261428833007812e+01,-4.347991943359375000e+01,-4.529919433593750000e+01,-5.321217727661132812e+01,-4.787931823730468750e+01,-4.366428375244140625e+01,-5.828877258300781250e+01,-5.561787033081054688e+01,-6.657595825195312500e+01,-5.043310928344726562e+01,-4.039041900634765625e+01,-5.428150177001953125e+01,-3.948504638671875000e+01
-5.117126846313476562e+01,-4.323633956909179688e+01,-4.513132858276367188e+01,-4.124940109252929688e+01,-6.140982437133789062e+01,-5.401620101928710938e+01,-4.828577804565429688e+01,-5.291139602661132812e+01,-5.754339599609375000e+01,-4.625025558471679688e+01,-4.014916610717773438e+01,-3.081261634826660156e+01,-5.054338073730468750e+01,-4.051347732543945312e+01,-5.430882263183593750e+01,-4.836215209960937500e+01,-3.134793472290039062e+01,-4.147382354736328125e+01,-3.796726989746093750e+01,-3.789031982421875000e+01,-4.491128921508789062e+01,-3.655476760864257812e+01,-4.232743072509765625e+01,-5.651478576660156250e+01,-5.459102630615234375e+01,-6.803739929199218750e+01,-4.463071823120117188e+01,-3.113167572021484375e+01,-4.736226654052734375e+01,-4.821499633789062500e+01
-5.256668472290039062e+01,-4.744470214843750000e+01,-4.821158218383789062e+01,-4.160100555419921875e+01,-5.176530075073242188e+01,-5.973866653442382812e+01,-5.296760940551757812e+01,-4.898628616333007812e+01,-5.469641876220703125e+01,-4.453766250610351562e+01,-4.161466598510742188e+01,-2.598408508300781250e+01,-5.020072555541992188e+01,-4.234645080566406250e+01,-3.984466552734375000e+01,-3.923391342163085938e+01,-3.481251525878906250e+01,-3.943897247314453125e+01,-2.168259239196777344e+01,-2.608240509033203125e+01,-2.999917984008789062e+01,-2.721787261962890625e+01,-4.702183151245117188e+01,-5.935211563110351562e+01,-5.729488372802734375e+01,-6.573947143554687500e+01,-4.449047851562500000e+01,-3.226365661621093750e+01,-3.961923980712890625e+01,-5.867053985595703125e+01
-5.501034164428710938e+01,-5.291749191284179688e+01,-5.299403762817382812e+01,-4.734833908081054688e+01,-5.017959213256835938e+01,-5.997119140625000000e+01,-5.156752395629882812e+01,-5.488180923461914062e+01,-5.533306884765625000e+01,-4.583545303344726562e+01,-4.362774658203125000e+01,-2.499688529968261719e+01,-4.014852905273437500e+01,-4.782294464111328125e+01,-3.897480010986328125e+01,-4.141884994506835938e+01,-5.298126983642578125e+01,-3.258375167846679688e+01,-1.758395004272460938e+01,-1.679812431335449219e+01,-1.963819694519042969e+01,-2.807235527038574219e+01,-5.465470123291015625e+01,-5.358954620361328125e+01,-6.146444702148437500e+01,-7.167764282226562500e+01,-4.932441329956054688e+01,-4.714710998535156250e+01,-3.638442230224609375e+01,-6.252724075317382812e+01
-5.881317138671875000e+01,-5.083374786376953125e+01,-4.953812789916992188e+01,-5.089343261718750000e+01,-4.870384597778320312e+01,-6.142043304443359375e+01,-5.511955261230468750e+01,-5.846966934204101562e+01,-5.586880874633789062e+01,-5.266899108886718750e+01,-4.232599258422851562e+01,-3.000467109680175781e+01,-3.416542053222656250e+01,-5.435673904418945312e+01,-5.596879196166992188e+01,-5.712186050415039062e+01,-4.903350067138671875e+01,-2.835622406005859375e+01,-2.830776977539062500e+01,-2.095492172241210938e+01,-2.203800010681152344e+01,-4.221564483642578125e+01,-5.582415771484375000e+01,-4.922926330566406250e+01,-6.583761596679687500e+01,-6.992234802246093750e+01,-5.189508819580078125e+01,-5.132262039184570312e+01,-3.956467437744140625e+01,-5.411852264404296875e+01
-5.303915023803710938e+01,-4.754091644287109375e+01,-4.803305816650390625e+01,-4.971993637084960938e+01,-5.395512008666992188e+01,-5.416731262207031250e+01,-5.313658142089843750e+01,-5.514336776733398438e+01,-4.979639816284179688e+01,-5.412644195556640625e+01,-4.050280761718750000e+01,-4.037498855590820312e+01,-3.353301620483398438e+01,-5.846642684936523438e+01,-5.808087158203125000e+01,-6.301117706298828125e+01,-4.309886169433593750e+01,-3.039464569091796875e+01,-4.285931777954101562e+01,-3.754045486450195312e+01,-3.614629364013671875e+01,-5.190478134155273438e+01,-5.472089004516601562e+01,-5.111267471313476562e+01,-6.300497436523437500e+01,-7.007389068603515625e+01,-5.515730667114257812e+01,-5.281719207763671875e+01,-4.818206787109375000e+01,-4.289019012451171875e+01
-5.209494018554687500e+01,-4.949894332885742188e+01,-4.919226074218750000e+01,-4.631555175781250000e+01,-5.322079086303710938e+01,-5.520840835571289062e+01,-5.334396362304687500e+01,-5.439999771118164062e+01,-4.779010009765625000e+01,-5.272130584716796875e+01,-4.994956970214843750e+01,-4.078443908691406250e+01,-3.519703674316406250e+01,-5.287605667114257812e+01,-5.940345764160156250e+01,-6.835967254638671875e+01,-4.544580459594726562e+01,-3.746108245849609375e+01,-4.143186569213867188e+01,-4.071873092651367188e+01,-4.625998687744140625e+01,-5.218690872192382812e+01,-5.362533950805664062e+01,-5.662590789794921875e+01,-6.141526031494140625e+01,-6.515256500244140625e+01,-5.201610565185546875e+01,-4.221496963500976562e+01,-5.654547882080078125e+01,-4.123830413818359375e+01
-5.280503845214843750e+01,-5.301192474365234375e+01,-4.898027038574218750e+01,-4.800870132446289062e+01,-5.163666534423828125e+01,-5.667970275878906250e+01,-5.509652328491210938e+01,-5.682492446899414062e+01,-5.428137207031250000e+01,-5.076868438720703125e+01,-4.259903717041015625e+01,-3.514879608154296875e+01,-4.113105392456054688e+01,-5.231592559814453125e+01,-6.301632308959960938e+01,-5.949322891235351562e+01,-3.683088302612304688e+01,-4.256352233886718750e+01,-4.252326583862304688e+01,-3.944727325439453125e+01,-4.459727859497070312e+01,-4.851690673828125000e+01,-5.329281997680664062e+01,-5.820252609252929688e+01,-5.968711853027343750e+01,-6.153746795654296875e+01,-5.052387237548828125e+01,-3.778380584716796875e+01,-5.346791458129882812e+01,-4.861893844604492188e+01
-5.450348281860351562e+01,-5.403512191772460938e+01,-5.105498504638671875e+01,-4.979605865478515625e+01,-5.460721588134765625e+01,-5.530004119873046875e+01,-4.718966293334960938e+01,-5.304660034179687500e+01,-5.425222778320312500e+01,-4.973722839355468750e+01,-4.054966354370117188e+01,-3.174041366577148438e+01,-5.063163375854492188e+01,-4.365658569335937500e+01,-6.384509277343750000e+01,-5.974425506591796875e+01,-3.302584075927734375e+01,-3.696312332153320312e+01,-2.236500167846679688e+01,-2.686383819580078125e+01,-3.647686767578125000e+01,-3.483798599243164062e+01,-5.427341461181640625e+01,-5.613605499267578125e+01,-6.240391540527343750e+01,-6.902196502685546875e+01,-5.174834442138671875e+01,-4.701952362060546875e+01,-4.362287521362304688e+01,-6.017616653442382812e+01
-5.953720474243164062e+01,-4.922644042968750000e+01,-4.832402801513671875e+01,-4.708485794067382812e+01,-5.907979583740234375e+01,-5.962207794189453125e+01,-5.227797698974609375e+01,-5.164920425415039062e+01,-4.852328109741210938e+01,-4.878337097167968750e+01,-4.199284362792968750e+01,-3.187991333007812500e+01,-4.520827484130859375e+01,-4.394390869140625000e+01,-5.581024169921875000e+01,-4.978452301025390625e+01,-3.165159797668457031e+01,-3.294741058349609375e+01,-1.645083427429199219e+01,-1.686044692993164062e+01,-2.156278610229492188e+01,-2.829429817199707031e+01,-5.823866653442382812e+01,-5.473402404785156250e+01,-6.121656799316406250e+01,-6.742489624023437500e+01,-5.239644622802734375e+01,-5.350789642333984375e+01,-4.350827789306640625e+01,-5.421107482910156250e+01
-5.332618331909179688e+01,-4.622015762329101562e+01,-4.804029464721679688e+01,-4.222900009155273438e+01,-4.872428894042968750e+01,-6.255093383789062500e+01,-5.554915618896484375e+01,-4.629102325439453125e+01,-4.473444366455078125e+01,-5.246971130371093750e+01,-4.671250152587890625e+01,-3.294148254394531250e+01,-3.536919403076171875e+01,-5.413037872314453125e+01,-4.640478515625000000e+01,-4.763465118408203125e+01,-4.264480209350585938e+01,-2.852436447143554688e+01,-2.794970321655273438e+01,-1.725031280517578125e+01,-1.378448486328125000e+01,-3.689096069335937500e+01,-6.153190612792968750e+01,-5.486033630371093750e+01,-5.944703674316406250e+01,-6.426489257812500000e+01,-5.246178436279296875e+01,-5.029378509521484375e+01,-5.556048583984375000e+01,-4.921565246582031250e+01
-4.889731979370117188e+01,-4.843175506591796875e+01,-4.812205505371093750e+01,-4.394136047363281250e+01,-4.628656768798828125e+01,-6.310467529296875000e+01,-5.302468872070312500e+01,-4.487446594238281250e+01,-4.730083084106445312e+01,-4.753853225708007812e+01,-5.027157211303710938e+01,-3.722572708129882812e+01,-3.212933731079101562e+01,-5.094140625000000000e+01,-4.713384246826171875e+01,-5.662519073486328125e+01,-4.792423629760742188e+01,-2.609988212585449219e+01,-3.561709976196289062e+01,-3.093955230712890625e+01,-1.799439239501953125e+01,-4.524401092529296875e+01,-5.586438751220703125e+01,-5.413900756835937500e+01,-5.376182937622070312e+01,-6.709243774414062500e+01,-5.031324005126953125e+01,-3.655757904052734375e+01,-5.075984191894531250e+01,-4.439776229858398438e+01
-4.784397506713867188e+01,-5.077238464355468750e+01,-4.760076141357421875e+01,-4.798284530639648438e+01,-4.728240966796875000e+01,-5.732251358032226562e+01,-5.372014999389648438e+01,-4.485306930541992188e+01,-4.294412231445312500e+01,-4.408510589599609375e+01,-5.116670227050781250e+01,-4.525662994384765625e+01,-2.616572189331054688e+01,-5.174396514892578125e+01,-5.998442840576171875e+01,-5.957091522216796875e+01,-4.291034698486328125e+01,-2.897760391235351562e+01,-3.891987609863281250e+01,-4.368590927124023438e+01,-2.730193901062011719e+01,-5.306730270385742188e+01,-4.704317474365234375e+01,-5.705072021484375000e+01,-5.341001129150390625e+01,-6.319344329833984375e+01,-5.130332946777343750e+01,-3.183646965026855469e+01,-4.122340011596679688e+01,-4.524028015136718750e+01
-5.109088134765625000e+01,-4.620524597167968750e+01,-4.772716140747070312e+01,-4.421204376220703125e+01,-5.249633407592773438e+01,-5.373834228515625000e+01,-4.800270080566406250e+01,-4.733970642089843750e+01,-4.347963714599609375e+01,-4.512930297851562500e+01,-4.970006561279296875e+01,-5.105376052856445312e+01,-2.353519439697265625e+01,-3.996944427490234375e+01,-5.616921615600585938e+01,-5.875846862792968750e+01,-4.718481445312500000e+01,-3.726880645751953125e+01,-3.259849548339843750e+01,-4.086364746093750000e+01,-3.930840301513671875e+01,-3.940111923217773438e+01,-4.441303634643554688e+01,-5.903548431396484375e+01,-5.501854324340820312e+01,-6.774346923828125000e+01,-5.294350814819335938e+01,-3.979872131347656250e+01,-3.514810180664062500e+01,-5.183013916015625000e+01
-5.191931152343750000e+01,-4.519524383544921875e+01,-4.666610336303710938e+01,-4.337189483642578125e+01,-4.992641830444335938e+01,-6.291884613037109375e+01,-5.010399246215820312e+01,-4.985055541992187500e+01,-5.506979370117187500e+01,-4.575828933715820312e+01,-4.906831359863281250e+01,-4.335924530029296875e+01,-2.552805709838867188e+01,-3.136977386474609375e+01,-5.427905654907226562e+01,-5.960224914550781250e+01,-4.407922363281250000e+01,-3.098582839965820312e+01,-1.996929550170898438e+01,-3.837804412841796875e+01,-3.287114715576171875e+01,-2.667828750610351562e+01,-4.815654373168945312e+01,-5.437105178833007812e+01,-5.658741378784179688e+01,-6.958118438720703125e+01,-4.617584991455078125e+01,-4.768228530883789062e+01,-3.877239227294921875e+01,-5.614441299438476562e+01
-5.288049316406250000e+01,-5.049092864990234375e+01,-4.756768417358398438e+01,-4.948294830322265625e+01,-4.796009063720703125e+01,-5.737576675415039062e+01,-5.028395843505859375e+01,-4.332002639770507812e+01,-4.739299011230468750e+01,-4.357123565673828125e+01,-4.609694290161132812e+01,-4.325715637207031250e+01,-3.104787063598632812e+01,-3.038574981689453125e+01,-5.564135742187500000e+01,-5.010128402709960938e+01,-4.191821670532226562e+01,-2.432332229614257812e+01,-1.945599174499511719e+01,-3.100917434692382812e+01,-2.093634033203125000e+01,-2.347498321533203125e+01,-5.402305221557617188e+01,-5.598724746704101562e+01,-5.610063934326171875e+01,-6.495814514160156250e+01,-4.129722595214843750e+01,-4.093419647216796875e+01,-4.406795501708984375e+01,-4.652065277099609375e+01
-5.005258941650390625e+01,-5.159987258911132812e+01,-4.558663177490234375e+01,-4.981595230102539062e+01,-5.158601379394531250e+01,-6.071858215332031250e+01,-5.092208862304687500e+01,-3.978771972656250000e+01,-5.106609725952148438e+01,-4.275135040283203125e+01,-4.630498504638671875e+01,-4.838214111328125000e+01,-3.971853637695312500e+01,-3.740759277343750000e+01,-4.213898468017578125e+01,-4.132573699951171875e+01,-4.775159072875976562e+01,-2.358956527709960938e+01,-3.384217453002929688e+01,-3.746228027343750000e+01,-2.460511016845703125e+01,-3.089632606506347656e+01,-5.625044631958007812e+01,-6.071255493164062500e+01,-5.785207366943359375e+01,-6.857933807373046875e+01,-4.317831420898437500e+01,-3.276631164550781250e+01,-4.684872817993164062e+01,-4.198686981201171875e+01
-4.909666442871093750e+01,-4.779677200317382812e+01,-4.588665771484375000e+01,-4.862296295166015625e+01,-4.827247238159179688e+01,-6.029601287841796875e+01,-4.755197906494140625e+01,-4.235495376586914062e+01,-5.020065307617187500e+01,-5.198682022094726562e+01,-4.668521499633789062e+01,-5.055665206909179688e+01,-3.745656204223632812e+01,-4.702256774902343750e+01,-4.337669754028320312e+01,-4.668561172485351562e+01,-4.527495956420898438e+01,-2.762660598754882812e+01,-4.000444793701171875e+01,-4.691467285156250000e+01,-4.140833663940429688e+01,-3.903091430664062500e+01,-4.758715057373046875e+01,-6.198723602294921875e+01,-5.813975143432617188e+01,-7.291905212402343750e+01,-4.925246810913085938e+01,-3.746186828613281250e+01,-3.997773742675781250e+01,-4.481501388549804688e+01
-5.038673019409179688e+01,-4.963468170166015625e+01,-4.877866363525390625e+01,-4.617170333862304688e+01,-4.350674819946289062e+01,-6.542121124267578125e+01,-4.387767028808593750e+01,-4.463002014160156250e+01,-4.654534149169921875e+01,-5.265742874145507812e+01,-4.782923126220703125e+01,-5.303560638427734375e+01,-3.474999237060546875e+01,-4.944829177856445312e+01,-5.299677276611328125e+01,-6.094294357299804688e+01,-4.372160720825195312e+01,-3.813005447387695312e+01,-4.509510803222656250e+01,-5.556222152709960938e+01,-4.715546035766601562e+01,-3.618485260009765625e+01,-4.076134872436523438e+01,-6.101456069946289062e+01,-6.268689727783203125e+01,-6.696597290039062500e+01,-4.212165451049804688e+01,-4.439369964599609375e+01,-3.904533386230468750e+01,-5.294161224365234375e+01
-5.479724121093750000e+01,-5.467962646484375000e+01,-4.722097015380859375e+01,-4.506644439697265625e+01,-4.495893096923828125e+01,-5.495501708984375000e+01,-4.414959716796875000e+01,-3.449089050292968750e+01,-4.865852355957031250e+01,-5.505512619018554688e+01,-5.422369384765625000e+01,-5.932182693481445312e+01,-3.629047393798828125e+01,-4.232400131225585938e+01,-5.335941314697265625e+01,-5.886660003662109375e+01,-5.111392211914062500e+01,-4.268110656738281250e+01,-3.876185226440429688e+01,-5.122012329101562500e+01,-3.886837005615234375e+01,-2.637690544128417969e+01,-4.491706085205078125e+01,-6.306630706787109375e+01,-6.561170196533203125e+01,-6.747915649414062500e+01,-4.011161041259765625e+01,-4.412029266357421875e+01,-4.142010498046875000e+01,-4.959539794921875000e+01
-5.715853881835937500e+01,-5.423678588867187500e+01,-4.944075012207031250e+01,-4.083878326416015625e+01,-4.144116210937500000e+01,-4.488246536254882812e+01,-4.548960113525390625e+01,-3.241571807861328125e+01,-4.738195800781250000e+01,-5.101218414306640625e+01,-4.952867889404296875e+01,-5.880511474609375000e+01,-3.848867034912109375e+01,-3.479649353027343750e+01,-5.929598236083984375e+01,-6.170275115966796875e+01,-5.245359802246093750e+01,-2.913550186157226562e+01,-3.654748916625976562e+01,-4.267212677001953125e+01,-3.369478225708007812e+01,-2.608356857299804688e+01,-5.076172637939453125e+01,-5.930086517333984375e+01,-6.495745849609375000e+01,-7.126034545898437500e+01,-4.482110595703125000e+01,-4.035527801513671875e+01,-4.841168594360351562e+01,-4.430744552612304688e+01
-5.542209625244140625e+01,-5.119397735595703125e+01,-4.778481674194335938e+01,-3.994856643676757812e+01,-3.534555816650390625e+01,-5.002121734619140625e+01,-4.421839904785156250e+01,-3.276404571533203125e+01,-4.739105987548828125e+01,-4.726445388793945312e+01,-5.321244430541992188e+01,-6.208065414428710938e+01,-4.247518539428710938e+01,-2.976683807373046875e+01,-5.394419097900390625e+01,-5.334226608276367188e+01,-4.820074081420898438e+01,-2.438052368164062500e+01,-4.616379928588867188e+01,-5.265452194213867188e+01,-4.092736053466796875e+01,-3.633464050292968750e+01,-4.650863647460937500e+01,-5.812001800537109375e+01,-6.296812820434570312e+01,-7.355676269531250000e+01,-4.142097473144531250e+01,-4.638800811767578125e+01,-4.756449508666992188e+01,-4.663016510009765625e+01
-5.674087905883789062e+01,-5.180763244628906250e+01,-4.797546768188476562e+01,-3.889870071411132812e+01,-3.849176406860351562e+01,-4.983934783935546875e+01,-4.375630187988281250e+01,-3.725711822509765625e+01,-5.145360946655273438e+01,-4.885656738281250000e+01,-4.897142410278320312e+01,-6.531062316894531250e+01,-4.588019180297851562e+01,-3.355863952636718750e+01,-4.344440078735351562e+01,-4.849258422851562500e+01,-4.503527832031250000e+01,-2.967058181762695312e+01,-5.217964172363281250e+01,-5.878975677490234375e+01,-5.176118850708007812e+01,-4.034044265747070312e+01,-4.577333831787109375e+01,-5.540013122558593750e+01,-6.042850875854492188e+01,-7.297276306152343750e+01,-4.013007354736328125e+01,-4.434127044677734375e+01,-4.255237197875976562e+01,-5.417626953125000000e+01
-5.626675796508789062e+01,-4.956024551391601562e+01,-4.598852539062500000e+01,-3.606900024414062500e+01,-4.212104797363281250e+01,-5.410724258422851562e+01,-4.342501068115234375e+01,-3.631364822387695312e+01,-4.954665374755859375e+01,-4.550498962402343750e+01,-4.947822189331054688e+01,-6.252294921875000000e+01,-3.824991989135742188e+01,-4.499738693237304688e+01,-4.780297470092773438e+01,-5.786721038818359375e+01,-4.206920623779296875e+01,-4.156356048583984375e+01,-4.563502883911132812e+01,-5.400794601440429688e+01,-4.860839843750000000e+01,-3.108940124511718750e+01,-4.474922180175781250e+01,-5.270182037353515625e+01,-6.591123199462890625e+01,-6.997238159179687500e+01,-3.989111709594726562e+01,-3.039204788208007812e+01,-4.187464523315429688e+01,-4.648907470703125000e+01
-5.334260940551757812e+01,-4.652131271362304688e+01,-4.265482330322265625e+01,-3.753792572021484375e+01,-4.595718002319335938e+01,-5.594899749755859375e+01,-4.764377212524414062e+01,-4.056907272338867188e+01,-4.699039077758789062e+01,-4.495606994628906250e+01,-4.997063446044921875e+01,-6.392838287353515625e+01,-3.530300140380859375e+01,-3.961039733886718750e+01,-5.192010498046875000e+01,-6.068855667114257812e+01,-3.813076782226562500e+01,-4.441822433471679688e+01,-3.550511932373046875e+01,-4.524169921875000000e+01,-3.705912780761718750e+01,-3.073393630981445312e+01,-4.854919433593750000e+01,-5.587888336181640625e+01,-6.939888000488281250e+01,-7.094754028320312500e+01,-4.076924133300781250e+01,-2.386813926696777344e+01,-4.004460906982421875e+01,-3.927488708496093750e+01
-5.426751327514648438e+01,-4.892174148559570312e+01,-4.174169158935546875e+01,-3.610887527465820312e+01,-4.370399856567382812e+01,-5.520479965209960938e+01,-4.665114212036132812e+01,-4.130489349365234375e+01,-4.838838195800781250e+01,-5.113344573974609375e+01,-5.255466461181640625e+01,-6.277338790893554688e+01,-3.701296615600585938e+01,-2.731506347656250000e+01,-4.949850463867187500e+01,-5.662594223022460938e+01,-3.599326705932617188e+01,-3.370634078979492188e+01,-4.071761703491210938e+01,-4.717470169067382812e+01,-4.205575561523437500e+01,-4.708908081054687500e+01,-5.080990600585937500e+01,-6.588494873046875000e+01,-6.812704467773437500e+01,-7.326637268066406250e+01,-4.408493041992187500e+01,-2.947182655334472656e+01,-3.436771392822265625e+01,-3.948082733154296875e+01
-5.494574737548828125e+01,-4.638343429565429688e+01,-4.137151336669921875e+01,-3.403134155273437500e+01,-4.681634521484375000e+01,-5.615524291992187500e+01,-4.796245574951171875e+01,-4.526107788085937500e+01,-4.621141815185546875e+01,-5.173428344726562500e+01,-5.806354904174804688e+01,-6.578938293457031250e+01,-4.498360443115234375e+01,-2.154152297973632812e+01,-3.835213470458984375e+01,-4.022463226318359375e+01,-3.841659545898437500e+01,-2.901681900024414062e+01,-5.189425277709960938e+01,-5.771367263793945312e+01,-5.710615921020507812e+01,-4.876734542846679688e+01,-4.892018890380859375e+01,-5.963521575927734375e+01,-6.761708068847656250e+01,-6.962576293945312500e+01,-4.978610229492187500e+01,-4.285221862792968750e+01,-3.439928436279296875e+01,-4.567977905273437500e+01
-5.389171218872070312e+01,-4.618568038940429688e+01,-3.941358566284179688e+01,-4.082255554199218750e+01,-4.683880996704101562e+01,-5.121885681152343750e+01,-4.690235137939453125e+01,-4.639839553833007812e+01,-4.736357116699218750e+01,-5.249639511108398438e+01,-5.360302352905273438e+01,-6.310448837280273438e+01,-5.270266342163085938e+01,-2.300323486328125000e+01,-2.705601119995117188e+01,-3.887053680419921875e+01,-3.436751556396484375e+01,-3.396298217773437500e+01,-4.863729095458984375e+01,-5.873469161987304688e+01,-5.536214447021484375e+01,-3.848382949829101562e+01,-5.115328979492187500e+01,-5.761659240722656250e+01,-6.498766326904296875e+01,-7.067890930175781250e+01,-5.466181182861328125e+01,-4.326417922973632812e+01,-3.660811614990234375e+01,-3.818581771850585938e+01
-5.524104309082031250e+01,-4.867298507690429688e+01,-3.856407546997070312e+01,-3.829548645019531250e+01,-5.395146560668945312e+01,-5.087688064575195312e+01,-4.758369064331054688e+01,-4.465016174316406250e+01,-4.669220733642578125e+01,-5.521542358398437500e+01,-5.584346008300781250e+01,-6.571157073974609375e+01,-5.571590805053710938e+01,-3.149498367309570312e+01,-3.426519775390625000e+01,-5.149100112915039062e+01,-3.248983764648437500e+01,-4.540184783935546875e+01,-4.177017974853515625e+01,-4.552142333984375000e+01,-4.515491867065429688e+01,-3.979472351074218750e+01,-5.840722656250000000e+01,-6.186518478393554688e+01,-6.224052810668945312e+01,-6.818679046630859375e+01,-5.427455139160156250e+01,-4.327458572387695312e+01,-4.024854278564453125e+01,-3.572167205810546875e+01
-5.693869400024414062e+01,-4.272061920166015625e+01,-3.673253631591796875e+01,-4.261189651489257812e+01,-5.321528625488281250e+01,-5.743123626708984375e+01,-4.940444564819335938e+01,-4.501709747314453125e+01,-4.992978668212890625e+01,-5.800373077392578125e+01,-5.581117248535156250e+01,-7.084065246582031250e+01,-5.729456710815429688e+01,-4.053404235839843750e+01,-4.329049301147460938e+01,-4.867472076416015625e+01,-3.090788459777832031e+01,-4.318852615356445312e+01,-5.184263992309570312e+01,-4.934811782836914062e+01,-4.780765914916992188e+01,-5.490749740600585938e+01,-6.086386871337890625e+01,-6.493163299560546875e+01,-6.506173706054687500e+01,-7.387078857421875000e+01,-5.566796875000000000e+01,-4.688227081298828125e+01,-3.449917602539062500e+01,-3.974813079833984375e+01
-5.359985351562500000e+01,-4.134857940673828125e+01,-3.757206726074218750e+01,-4.566411590576171875e+01,-5.630469131469726562e+01,-5.362377548217773438e+01,-4.813957214355468750e+01,-4.353718948364257812e+01,-4.784869384765625000e+01,-5.462571334838867188e+01,-6.142000961303710938e+01,-7.146944427490234375e+01,-5.986418151855468750e+01,-3.431799316406250000e+01,-4.398982238769531250e+01,-3.995663452148437500e+01,-3.556938934326171875e+01,-3.834724807739257812e+01,-5.906023788452148438e+01,-5.594319534301757812e+01,-5.895510482788085938e+01,-5.215639114379882812e+01,-5.614924621582031250e+01,-5.669396972656250000e+01,-6.579616546630859375e+01,-6.745483398437500000e+01,-5.502541351318359375e+01,-3.826430511474609375e+01,-3.476103210449218750e+01,-3.912498474121093750e+01
-4.847924423217773438e+01,-4.016434860229492188e+01,-3.121116638183593750e+01,-4.877356719970703125e+01,-5.633946990966796875e+01,-5.493276214599609375e+01,-4.767393875122070312e+01,-4.450476455688476562e+01,-4.975105285644531250e+01,-4.961756134033203125e+01,-5.485505676269531250e+01,-6.839567565917968750e+01,-5.913938903808593750e+01,-2.885968589782714844e+01,-2.626721191406250000e+01,-3.017111587524414062e+01,-3.970374679565429688e+01,-4.227145385742187500e+01,-4.169748306274414062e+01,-5.279500198364257812e+01,-5.348324203491210938e+01,-4.418887329101562500e+01,-6.120547103881835938e+01,-5.899693298339843750e+01,-6.418142700195312500e+01,-7.086042785644531250e+01,-5.774748229980468750e+01,-4.096709060668945312e+01,-3.775382995605468750e+01,-3.201457595825195312e+01
-4.289109039306640625e+01,-3.532400512695312500e+01,-2.984641265869140625e+01,-4.886495208740234375e+01,-5.916415023803710938e+01,-5.426601791381835938e+01,-4.422267150878906250e+01,-3.743753814697265625e+01,-4.994595336914062500e+01,-5.183069610595703125e+01,-5.518251037597656250e+01,-6.639260864257812500e+01,-6.243326950073242188e+01,-3.166525459289550781e+01,-2.345476341247558594e+01,-3.494949340820312500e+01,-3.654572296142578125e+01,-4.308121871948242188e+01,-3.972532272338867188e+01,-4.757373046875000000e+01,-4.866617584228515625e+01,-4.839008712768554688e+01,-5.474282455444335938e+01,-6.799159240722656250e+01,-6.744342041015625000e+01,-6.846669006347656250e+01,-6.208665084838867188e+01,-4.804307556152343750e+01,-3.828094100952148438e+01,-3.136914253234863281e+01
-4.019976043701171875e+01,-3.294728851318359375e+01,-2.663544464111328125e+01,-4.486358642578125000e+01,-5.499178314208984375e+01,-5.461036300659179688e+01,-4.517366790771484375e+01,-4.086753082275390625e+01,-5.092108154296875000e+01,-4.676555252075195312e+01,-5.740541076660156250e+01,-6.845013427734375000e+01,-6.523127746582031250e+01,-4.410435867309570312e+01,-3.477829360961914062e+01,-3.528482818603515625e+01,-3.050568771362304688e+01,-3.367353439331054688e+01,-5.165157699584960938e+01,-5.792185974121093750e+01,-5.944512176513671875e+01,-5.395994186401367188e+01,-5.429831695556640625e+01,-6.319030761718750000e+01,-6.413254547119140625e+01,-7.235402679443359375e+01,-5.880339431762695312e+01,-3.805002975463867188e+01,-3.804319763183593750e+01,-3.734108352661132812e+01
-3.728078079223632812e+01,-2.674461936950683594e+01,-2.622454452514648438e+01,-4.740702819824218750e+01,-5.068341827392578125e+01,-5.370994567871093750e+01,-4.461893844604492188e+01,-3.605736923217773438e+01,-4.921351242065429688e+01,-4.846530151367187500e+01,-5.656978988647460938e+01,-6.862843322753906250e+01,-6.935809326171875000e+01,-4.314885711669921875e+01,-3.480652236938476562e+01,-2.781417846679687500e+01,-2.580314636230468750e+01,-3.321918106079101562e+01,-4.777074432373046875e+01,-5.520440292358398438e+01,-5.913243865966796875e+01,-4.459881973266601562e+01,-5.951886367797851562e+01,-6.424578857421875000e+01,-6.260581970214843750e+01,-7.396220397949218750e+01,-5.648013305664062500e+01,-4.417335128784179688e+01,-3.860698318481445312e+01,-3.469079589843750000e+01
-3.207052612304687500e+01,-2.718166923522949219e+01,-3.005876922607421875e+01,-4.417259597778320312e+01,-5.846606445312500000e+01,-5.181484603881835938e+01,-4.742064666748046875e+01,-3.757437896728515625e+01,-4.885261917114257812e+01,-5.345254516601562500e+01,-6.061514282226562500e+01,-6.799164581298828125e+01,-7.036028289794921875e+01,-4.098973083496093750e+01,-2.770708847045898438e+01,-2.133718681335449219e+01,-3.087996673583984375e+01,-4.098671722412109375e+01,-4.151861953735351562e+01,-4.874403762817382812e+01,-4.836329650878906250e+01,-4.611344146728515625e+01,-5.878418350219726562e+01,-6.528456115722656250e+01,-6.457406616210937500e+01,-7.281242370605468750e+01,-5.473601531982421875e+01,-5.053190612792968750e+01,-3.891870880126953125e+01,-3.454235076904296875e+01
-3.063527297973632812e+01,-2.288704299926757812e+01,-3.449382781982421875e+01,-4.626782989501953125e+01,-5.494787597656250000e+01,-5.296021652221679688e+01,-4.462578201293945312e+01,-4.208744430541992188e+01,-5.107857894897460938e+01,-5.189653015136718750e+01,-5.554402923583984375e+01,-7.097726440429687500e+01,-6.702850341796875000e+01,-4.684613037109375000e+01,-2.998181915283203125e+01,-3.164766883850097656e+01,-3.617647171020507812e+01,-3.904623413085937500e+01,-5.091999435424804688e+01,-5.441314315795898438e+01,-5.416009140014648438e+01,-5.503969573974609375e+01,-6.030060577392578125e+01,-6.486853027343750000e+01,-6.384553527832031250e+01,-7.104643249511718750e+01,-6.035564804077148438e+01,-4.953366088867187500e+01,-4.091486358642578125e+01,-4.035749053955078125e+01
-2.441046524047851562e+01,-2.235787963867187500e+01,-3.489296722412109375e+01,-4.791950607299804688e+01,-5.569937133789062500e+01,-5.666203689575195312e+01,-4.142373657226562500e+01,-3.353383636474609375e+01,-5.018116760253906250e+01,-5.192083358764648438e+01,-5.590809249877929688e+01,-6.655412292480468750e+01,-6.626795196533203125e+01,-5.220642852783203125e+01,-3.500809478759765625e+01,-3.531114959716796875e+01,-2.681230163574218750e+01,-3.269597625732421875e+01,-5.360378646850585938e+01,-6.130477905273437500e+01,-5.876672363281250000e+01,-4.883201599121093750e+01,-6.240741729736328125e+01,-6.708828735351562500e+01,-6.293072509765625000e+01,-6.836178588867187500e+01,-5.444762420654296875e+01,-5.067939376831054688e+01,-4.438400268554687500e+01,-4.187410736083984375e+01
-2.412691879272460938e+01,-2.874153518676757812e+01,-3.517475891113281250e+01,-4.651056289672851562e+01,-5.565034103393554688e+01,-5.495458221435546875e+01,-3.879619598388671875e+01,-3.190415382385253906e+01,-5.184598541259765625e+01,-5.646952438354492188e+01,-5.523846435546875000e+01,-7.029324340820312500e+01,-6.991999053955078125e+01,-5.147714996337890625e+01,-4.039142227172851562e+01,-2.869753456115722656e+01,-2.988292694091796875e+01,-3.359489059448242188e+01,-4.440218353271484375e+01,-5.931801605224609375e+01,-5.391198348999023438e+01,-4.946883773803710938e+01,-6.161799621582031250e+01,-6.354956436157226562e+01,-6.796717834472656250e+01,-7.032156372070312500e+01,-5.497189331054687500e+01,-4.176939773559570312e+01,-4.219507598876953125e+01,-4.832824707031250000e+01
-3.095857238769531250e+01,-3.024751281738281250e+01,-3.131479644775390625e+01,-3.891179656982421875e+01,-5.382411575317382812e+01,-4.932501602172851562e+01,-3.862962722778320312e+01,-3.620501327514648438e+01,-5.148314285278320312e+01,-5.130678939819335938e+01,-5.488906097412109375e+01,-7.325765991210937500e+01,-7.272032928466796875e+01,-5.218988037109375000e+01,-3.356391906738281250e+01,-3.056170272827148438e+01,-3.649318313598632812e+01,-3.134766006469726562e+01,-4.216309356689453125e+01,-6.009228897094726562e+01,-5.355445098876953125e+01,-5.602478027343750000e+01,-5.970405578613281250e+01,-6.227061462402343750e+01,-7.004630279541015625e+01,-7.147631835937500000e+01,-5.213397979736328125e+01,-4.230662536621093750e+01,-4.243237686157226562e+01,-4.341857910156250000e+01
-3.328721237182617188e+01,-2.955448722839355469e+01,-2.825499343872070312e+01,-3.593549346923828125e+01,-4.348193359375000000e+01,-4.746688842773437500e+01,-4.110883331298828125e+01,-3.356948852539062500e+01,-5.161224365234375000e+01,-4.928662109375000000e+01,-5.865176010131835938e+01,-6.998315429687500000e+01,-6.467961120605468750e+01,-5.756607437133789062e+01,-4.185377502441406250e+01,-4.059189224243164062e+01,-3.876453781127929688e+01,-2.632060813903808594e+01,-4.090451812744140625e+01,-5.587185287475585938e+01,-5.923767089843750000e+01,-4.451443481445312500e+01,-6.113196182250976562e+01,-6.369548797607421875e+01,-7.198497009277343750e+01,-6.839476776123046875e+01,-4.807425308227539062e+01,-3.953761672973632812e+01,-4.071051025390625000e+01,-4.100919723510742188e+01
-3.354678344726562500e+01,-2.953566741943359375e+01,-2.821811294555664062e+01,-3.465911102294921875e+01,-4.456420516967773438e+01,-4.837360763549804688e+01,-4.357994461059570312e+01,-3.780585098266601562e+01,-4.916091537475585938e+01,-5.468218231201171875e+01,-5.669784545898437500e+01,-6.836376953125000000e+01,-6.933181762695312500e+01,-5.495600509643554688e+01,-5.055226516723632812e+01,-4.108823013305664062e+01,-4.266395568847656250e+01,-3.640956497192382812e+01,-3.084420776367187500e+01,-5.094919586181640625e+01,-5.247869873046875000e+01,-4.605251312255859375e+01,-5.326249694824218750e+01,-5.950235748291015625e+01,-7.047779846191406250e+01,-7.185232543945312500e+01,-5.069845581054687500e+01,-3.989154052734375000e+01,-3.866549682617187500e+01,-4.056397247314453125e+01
-3.590544891357421875e+01,-2.916177368164062500e+01,-3.385718536376953125e+01,-3.944356155395507812e+01,-4.904104614257812500e+01,-5.338054656982421875e+01,-4.745556259155273438e+01,-4.502603530883789062e+01,-5.032220458984375000e+01,-5.358377075195312500e+01,-5.934921646118164062e+01,-7.273218536376953125e+01,-6.764770507812500000e+01,-5.507816314697265625e+01,-4.486837005615234375e+01,-3.710202026367187500e+01,-4.736586761474609375e+01,-4.016456222534179688e+01,-3.781069183349609375e+01,-5.108922576904296875e+01,-5.367405319213867188e+01,-4.162231445312500000e+01,-4.756671142578125000e+01,-6.101449584960937500e+01,-6.977687072753906250e+01,-6.982121276855468750e+01,-5.334977722167968750e+01,-4.424808120727539062e+01,-3.853383255004882812e+01,-3.869347381591796875e+01
-3.597504425048828125e+01,-2.896387863159179688e+01,-3.376095581054687500e+01,-4.519048309326171875e+01,-5.042841720581054688e+01,-5.882801437377929688e+01,-4.562912750244140625e+01,-3.435633087158203125e+01,-5.480726623535156250e+01,-5.222068023681640625e+01,-5.502957153320312500e+01,-6.977859497070312500e+01,-6.364367294311523438e+01,-6.388287353515625000e+01,-4.682076644897460938e+01,-4.579420471191406250e+01,-4.504389953613281250e+01,-4.163417053222656250e+01,-3.942060089111328125e+01,-4.450033950805664062e+01,-4.502077102661132812e+01,-3.572287750244140625e+01,-4.931523895263671875e+01,-6.197801971435546875e+01,-7.054055023193359375e+01,-6.986047363281250000e+01,-5.187565994262695312e+01,-4.392825317382812500e+01,-4.394604492187500000e+01,-3.920672607421875000e+01
-3.262698364257812500e+01,-3.294456863403320312e+01,-3.953063964843750000e+01,-4.224725723266601562e+01,-5.245859146118164062e+01,-5.242643737792968750e+01,-3.952955627441406250e+01,-2.521708869934082031e+01,-5.408094787597656250e+01,-5.274125289916992188e+01,-5.506327056884765625e+01,-6.822327423095703125e+01,-6.855838012695312500e+01,-6.301463317871093750e+01,-5.542982482910156250e+01,-4.974696350097656250e+01,-4.609325790405273438e+01,-4.788585281372070312e+01,-3.720307922363281250e+01,-3.947595214843750000e+01,-3.931190872192382812e+01,-4.341769409179687500e+01,-5.263936233520507812e+01,-6.298285293579101562e+01,-7.093590545654296875e+01,-7.048257446289062500e+01,-5.245378875732421875e+01,-4.856972885131835938e+01,-4.371640396118164062e+01,-3.989521789550781250e+01
-3.547292709350585938e+01,-3.626158142089843750e+01,-3.922051239013671875e+01,-4.571627044677734375e+01,-5.546910858154296875e+01,-5.058137512207031250e+01,-3.305619049072265625e+01,-1.894466400146484375e+01,-5.211228942871093750e+01,-5.406609725952148438e+01,-5.629014205932617188e+01,-7.131912231445312500e+01,-7.160626983642578125e+01,-6.070398712158203125e+01,-4.765856170654296875e+01,-4.552758026123046875e+01,-5.243724822998046875e+01,-5.100735855102539062e+01,-5.094013595581054688e+01,-4.433285522460937500e+01,-4.420251846313476562e+01,-4.319231414794921875e+01,-5.536033630371093750e+01,-6.288751220703125000e+01,-6.666919708251953125e+01,-6.918341827392578125e+01,-5.532490539550781250e+01,-4.460765838623046875e+01,-4.957038116455078125e+01,-4.771720886230468750e+01
-3.817789459228515625e+01,-3.740589904785156250e+01,-4.216429901123046875e+01,-4.674305343627929688e+01,-5.551246643066406250e+01,-5.051214599609375000e+01,-2.213379669189453125e+01,-1.518878650665283203e+01,-5.300881958007812500e+01,-5.328809356689453125e+01,-5.696517944335937500e+01,-6.826414489746093750e+01,-6.915820312500000000e+01,-6.460455322265625000e+01,-5.133149337768554688e+01,-5.369211196899414062e+01,-5.000166320800781250e+01,-4.830595397949218750e+01,-4.520188140869140625e+01,-4.196401214599609375e+01,-4.202266693115234375e+01,-4.312257385253906250e+01,-6.057386779785156250e+01,-6.688732910156250000e+01,-6.588917541503906250e+01,-6.754714202880859375e+01,-5.614764022827148438e+01,-5.012032699584960938e+01,-4.768939971923828125e+01,-4.770050048828125000e+01
-4.117531204223632812e+01,-4.093444824218750000e+01,-4.481888580322265625e+01,-5.514814758300781250e+01,-5.586732101440429688e+01,-5.150761032104492188e+01,-1.675951194763183594e+01,-1.540424919128417969e+01,-5.522675323486328125e+01,-5.347395706176757812e+01,-5.853909683227539062e+01,-7.200064086914062500e+01,-6.592296600341796875e+01,-6.339268875122070312e+01,-6.030564880371093750e+01,-5.300189208984375000e+01,-5.040919494628906250e+01,-4.836627960205078125e+01,-5.155432128906250000e+01,-4.493381500244140625e+01,-4.350963592529296875e+01,-4.795731353759765625e+01,-6.036992263793945312e+01,-6.796434783935546875e+01,-6.683712768554687500e+01,-6.951118469238281250e+01,-5.835825729370117188e+01,-5.091407012939453125e+01,-5.098696517944335938e+01,-4.988125991821289062e+01
-4.218399429321289062e+01,-4.141618728637695312e+01,-4.511963653564453125e+01,-5.562729644775390625e+01,-5.354923248291015625e+01,-4.729626464843750000e+01,-1.555342197418212891e+01,-1.879550933837890625e+01,-5.911675262451171875e+01,-5.850181579589843750e+01,-5.873741912841796875e+01,-7.092773437500000000e+01,-6.590969848632812500e+01,-5.930532073974609375e+01,-5.004903030395507812e+01,-4.746124649047851562e+01,-5.529324340820312500e+01,-5.003969192504882812e+01,-5.310614776611328125e+01,-5.231685638427734375e+01,-4.886113739013671875e+01,-4.628184509277343750e+01,-6.507876586914062500e+01,-6.415295410156250000e+01,-6.339185333251953125e+01,-7.707601928710937500e+01,-6.223192596435546875e+01,-5.931804656982421875e+01,-5.481907653808593750e+01,-5.319248580932617188e+01
-4.288251495361328125e+01,-4.161989593505859375e+01,-4.644792175292968750e+01,-5.036110687255859375e+01,-5.061082839965820312e+01,-4.437667083740234375e+01,-1.335182380676269531e+01,-2.166729927062988281e+01,-5.364601135253906250e+01,-5.548277282714843750e+01,-6.224759674072265625e+01,-6.785881042480468750e+01,-6.599368286132812500e+01,-6.010266494750976562e+01,-5.229945373535156250e+01,-5.457651138305664062e+01,-4.900549316406250000e+01,-5.019756698608398438e+01,-5.251300811767578125e+01,-5.058652877807617188e+01,-4.841300964355468750e+01,-5.098551177978515625e+01,-6.370641326904296875e+01,-6.513539123535156250e+01,-6.614936065673828125e+01,-7.252474975585937500e+01,-6.044743347167968750e+01,-5.738163757324218750e+01,-5.306461715698242188e+01,-5.469953918457031250e+01
-4.094022369384765625e+01,-4.029840469360351562e+01,-4.371888351440429688e+01,-4.793553161621093750e+01,-4.970957183837890625e+01,-4.341854476928710938e+01,-1.370042228698730469e+01,-2.517588424682617188e+01,-5.106076812744140625e+01,-5.342088317871093750e+01,-6.009601593017578125e+01,-7.157516479492187500e+01,-6.798139953613281250e+01,-5.766329574584960938e+01,-4.677261734008789062e+01,-4.203404235839843750e+01,-5.029376220703125000e+01,-4.553517913818359375e+01,-5.158093643188476562e+01,-5.045877838134765625e+01,-4.769097518920898438e+01,-4.511171722412109375e+01,-6.124970245361328125e+01,-7.250668334960937500e+01,-6.503103637695312500e+01,-6.906704711914062500e+01,-5.678440093994140625e+01,-4.865317916870117188e+01,-5.311791610717773438e+01,-5.258068084716796875e+01
-4.064153289794921875e+01,-3.764813232421875000e+01,-3.861701965332031250e+01,-4.992601013183593750e+01,-4.863935852050781250e+01,-4.050680541992187500e+01,-2.126277542114257812e+01,-3.391030120849609375e+01,-5.592318725585937500e+01,-5.526638793945312500e+01,-6.025537109375000000e+01,-6.971337890625000000e+01,-6.842651367187500000e+01,-5.480259704589843750e+01,-4.067945480346679688e+01,-4.024769592285156250e+01,-5.011748504638671875e+01,-4.484352874755859375e+01,-4.961612701416015625e+01,-4.628839874267578125e+01,-4.152382659912109375e+01,-4.692339324951171875e+01,-6.201872634887695312e+01,-6.962409210205078125e+01,-6.628323364257812500e+01,-7.051094055175781250e+01,-5.292333602905273438e+01,-4.966317367553710938e+01,-5.068475341796875000e+01,-5.493386459350585938e+01
-4.201435089111328125e+01,-3.708480072021484375e+01,-3.928224945068359375e+01,-4.914684295654296875e+01,-4.839200210571289062e+01,-4.191668319702148438e+01,-1.886796188354492188e+01,-4.159455108642578125e+01,-5.241609191894531250e+01,-5.713612365722656250e+01,-6.402368927001953125e+01,-6.686692047119140625e+01,-6.226771545410156250e+01,-4.730967712402343750e+01,-4.736754989624023438e+01,-4.511234283447265625e+01,-4.705996704101562500e+01,-4.803571319580078125e+01,-4.303401184082031250e+01,-4.994211959838867188e+01,-4.486586761474609375e+01,-4.323721313476562500e+01,-6.615594482421875000e+01,-6.953292083740234375e+01,-6.948063659667968750e+01,-6.911079406738281250e+01,-4.808476638793945312e+01,-5.136600875854492188e+01,-5.318037414550781250e+01,-5.653145980834960938e+01
-3.869583892822265625e+01,-3.540983581542968750e+01,-3.735108184814453125e+01,-4.140475463867187500e+01,-4.822810363769531250e+01,-3.939437866210937500e+01,-1.597637462615966797e+01,-4.521263885498046875e+01,-5.533953475952148438e+01,-5.373744964599609375e+01,-6.453114318847656250e+01,-6.726835632324218750e+01,-5.719402694702148438e+01,-4.701902008056640625e+01,-3.871962738037109375e+01,-3.315633773803710938e+01,-4.542290115356445312e+01,-4.278174972534179688e+01,-3.930801010131835938e+01,-4.575391387939453125e+01,-4.441115570068359375e+01,-4.227327728271484375e+01,-6.474658203125000000e+01,-6.831835937500000000e+01,-7.314633941650390625e+01,-7.431912994384765625e+01,-4.743087768554687500e+01,-4.653630065917968750e+01,-5.431388092041015625e+01,-5.173614883422851562e+01
-3.665008926391601562e+01,-3.465372467041015625e+01,-3.670232772827148438e+01,-3.856539154052734375e+01,-4.725072479248046875e+01,-3.802935791015625000e+01,-2.027730941772460938e+01,-4.662581253051757812e+01,-5.971289062500000000e+01,-5.419452667236328125e+01,-5.937202835083007812e+01,-6.279438018798828125e+01,-5.907622528076171875e+01,-5.015645217895507812e+01,-4.166003417968750000e+01,-3.840203857421875000e+01,-4.081382751464843750e+01,-4.202973937988281250e+01,-4.690310668945312500e+01,-5.311691284179687500e+01,-4.960973358154296875e+01,-4.687341308593750000e+01,-6.375256729125976562e+01,-7.055245971679687500e+01,-6.930783081054687500e+01,-7.228344726562500000e+01,-5.073245239257812500e+01,-4.261814498901367188e+01,-5.149462890625000000e+01,-4.922076034545898438e+01
-3.631514739990234375e+01,-3.639889526367187500e+01,-3.827578353881835938e+01,-4.267439651489257812e+01,-4.336652374267578125e+01,-3.476273345947265625e+01,-2.544849777221679688e+01,-4.566270446777343750e+01,-5.570235443115234375e+01,-5.642959594726562500e+01,-6.573103332519531250e+01,-6.643996429443359375e+01,-6.373696136474609375e+01,-5.547563934326171875e+01,-5.293663024902343750e+01,-4.259214401245117188e+01,-4.345042419433593750e+01,-4.060913085937500000e+01,-4.843831634521484375e+01,-5.416439056396484375e+01,-5.004722213745117188e+01,-4.747245788574218750e+01,-6.934102630615234375e+01,-7.035688781738281250e+01,-6.813233947753906250e+01,-7.109210205078125000e+01,-5.607667541503906250e+01,-5.135713577270507812e+01,-5.088919067382812500e+01,-5.065599060058593750e+01
-3.934918975830078125e+01,-3.782383728027343750e+01,-4.225443267822265625e+01,-4.510936355590820312e+01,-4.377849197387695312e+01,-2.756087112426757812e+01,-2.473241233825683594e+01,-4.520645904541015625e+01,-5.314177703857421875e+01,-5.933901214599609375e+01,-6.763847351074218750e+01,-6.902592468261718750e+01,-6.731452941894531250e+01,-6.246762084960937500e+01,-5.314692306518554688e+01,-4.658319854736328125e+01,-4.909637069702148438e+01,-4.752877426147460938e+01,-5.424321746826171875e+01,-5.864622497558593750e+01,-5.776590728759765625e+01,-5.293152999877929688e+01,-6.598937225341796875e+01,-6.959941101074218750e+01,-7.443613433837890625e+01,-7.155406188964843750e+01,-5.716316223144531250e+01,-5.277567291259765625e+01,-4.918509674072265625e+01,-4.516712951660156250e+01
-4.022724914550781250e+01,-3.925999450683593750e+01,-4.184573364257812500e+01,-4.439907073974609375e+01,-4.576050567626953125e+01,-2.856392669677734375e+01,-2.858210372924804688e+01,-4.617292022705078125e+01,-5.058124160766601562e+01,-5.718365097045898438e+01,-6.568005371093750000e+01,-6.891500091552734375e+01,-6.715249633789062500e+01,-6.752171325683593750e+01,-6.073940658569335938e+01,-6.012175369262695312e+01,-5.511168670654296875e+01,-4.861985015869140625e+01,-5.297480773925781250e+01,-5.874466323852539062e+01,-5.579383087158203125e+01,-5.361363983154296875e+01,-6.859666442871093750e+01,-7.049522399902343750e+01,-7.230255126953125000e+01,-7.513293457031250000e+01,-5.728994750976562500e+01,-5.367076492309570312e+01,-5.115298843383789062e+01,-4.605811691284179688e+01
-4.117354583740234375e+01,-3.999228668212890625e+01,-4.121484756469726562e+01,-4.851902389526367188e+01,-4.150680923461914062e+01,-2.982848739624023438e+01,-2.427021026611328125e+01,-4.470631408691406250e+01,-5.623237991333007812e+01,-5.768473815917968750e+01,-6.298306655883789062e+01,-6.786830139160156250e+01,-6.856565093994140625e+01,-6.640936279296875000e+01,-6.294483947753906250e+01,-6.348396301269531250e+01,-6.089275360107421875e+01,-5.213736724853515625e+01,-5.935842895507812500e+01,-6.156274414062500000e+01,-5.915985107421875000e+01,-5.419929122924804688e+01,-7.260915374755859375e+01,-7.191288757324218750e+01,-7.016507720947265625e+01,-7.162902832031250000e+01,-5.821398162841796875e+01,-5.578539657592773438e+01,-5.335084152221679688e+01,-5.154705429077148438e+01
-4.233843994140625000e+01,-3.952802276611328125e+01,-4.064136505126953125e+01,-4.976781082153320312e+01,-4.141154479980468750e+01,-1.664540290832519531e+01,-1.952984428405761719e+01,-4.544531250000000000e+01,-5.499124908447265625e+01,-5.771408081054687500e+01,-6.201111602783203125e+01,-6.779283142089843750e+01,-6.519473266601562500e+01,-6.712366485595703125e+01,-5.918895721435546875e+01,-5.849724197387695312e+01,-6.074888992309570312e+01,-5.874886322021484375e+01,-6.240417861938476562e+01,-6.448959350585937500e+01,-5.943457794189453125e+01,-5.758187484741210938e+01,-7.165801239013671875e+01,-7.137672424316406250e+01,-7.171980285644531250e+01,-6.894402313232421875e+01,-5.673294830322265625e+01,-5.596525955200195312e+01,-5.568375396728515625e+01,-5.419988632202148438e+01
-4.679236602783203125e+01,-4.443756103515625000e+01,-4.463055419921875000e+01,-5.302351379394531250e+01,-4.305444335937500000e+01,-1.574623966217041016e+01,-3.158857536315917969e+01,-4.837762451171875000e+01,-5.836672210693359375e+01,-5.669068145751953125e+01,-6.274280548095703125e+01,-7.150228881835937500e+01,-6.563793945312500000e+01,-6.181788253784179688e+01,-5.207349395751953125e+01,-5.009749984741210938e+01,-5.676934051513671875e+01,-5.531762695312500000e+01,-5.859468078613281250e+01,-6.136966705322265625e+01,-6.675981140136718750e+01,-6.382519149780273438e+01,-7.101696014404296875e+01,-7.082927703857421875e+01,-7.075444030761718750e+01,-7.282299041748046875e+01,-5.823236846923828125e+01,-6.346276855468750000e+01,-6.009026718139648438e+01,-5.903016662597656250e+01
-5.560787963867187500e+01,-5.613757324218750000e+01,-5.738146591186523438e+01,-6.487686157226562500e+01,-4.449264526367187500e+01,-2.672864532470703125e+01,-3.827165985107421875e+01,-5.233543395996093750e+01,-5.937028503417968750e+01,-5.872694778442382812e+01,-6.616635131835937500e+01,-7.139038085937500000e+01,-6.556206512451171875e+01,-6.394957733154296875e+01,-5.288352203369140625e+01,-5.168826293945312500e+01,-5.915679168701171875e+01,-5.224798202514648438e+01,-5.925914001464843750e+01,-6.050566864013671875e+01,-6.571400451660156250e+01,-6.722076416015625000e+01,-7.249432373046875000e+01,-7.186560821533203125e+01,-7.453497314453125000e+01,-7.440213012695312500e+01,-6.306689071655273438e+01,-6.496080780029296875e+01,-6.033976364135742188e+01,-6.432308959960937500e+01
-6.526532745361328125e+01,-6.556992340087890625e+01,-6.513897705078125000e+01,-5.824259567260742188e+01,-4.113184738159179688e+01,-3.342074966430664062e+01,-3.550275802612304688e+01,-5.129816818237304688e+01,-5.625178146362304688e+01,-6.171730804443359375e+01,-6.354344558715820312e+01,-6.679460144042968750e+01,-6.036930465698242188e+01,-5.865558624267578125e+01,-5.049612045288085938e+01,-4.962130355834960938e+01,-6.097366333007812500e+01,-4.602933883666992188e+01,-4.859844207763671875e+01,-5.593725585937500000e+01,-6.276042175292968750e+01,-5.846934127807617188e+01,-6.958142089843750000e+01,-7.133916473388671875e+01,-7.040165710449218750e+01,-6.932882690429687500e+01,-6.433540344238281250e+01,-6.280821609497070312e+01,-5.650614547729492188e+01,-5.954874801635742188e+01
-6.305514144897460938e+01,-6.324217987060546875e+01,-6.390700149536132812e+01,-5.672482299804687500e+01,-4.100319671630859375e+01,-3.085557556152343750e+01,-3.317023849487304688e+01,-4.767507934570312500e+01,-5.823059463500976562e+01,-5.466176223754882812e+01,-6.429461669921875000e+01,-6.913552856445312500e+01,-6.015576553344726562e+01,-5.800400924682617188e+01,-5.307613754272460938e+01,-5.564205932617187500e+01,-6.233936691284179688e+01,-4.511521148681640625e+01,-4.611855697631835938e+01,-5.240980911254882812e+01,-5.654627990722656250e+01,-5.391093444824218750e+01,-6.682173156738281250e+01,-7.088156890869140625e+01,-7.033430480957031250e+01,-7.192549133300781250e+01,-6.178855133056640625e+01,-5.654053878784179688e+01,-5.568124008178710938e+01,-5.700818252563476562e+01
-6.362009429931640625e+01,-6.476949310302734375e+01,-6.305331420898437500e+01,-5.755683898925781250e+01,-4.195885848999023438e+01,-3.648727416992187500e+01,-3.794229888916015625e+01,-4.880231475830078125e+01,-5.977609252929687500e+01,-5.367832183837890625e+01,-6.471245574951171875e+01,-6.866516113281250000e+01,-6.603376770019531250e+01,-5.995867919921875000e+01,-5.030814361572265625e+01,-5.331634140014648438e+01,-6.546812438964843750e+01,-4.894334793090820312e+01,-4.673736953735351562e+01,-5.093015670776367188e+01,-5.466809844970703125e+01,-5.367529296875000000e+01,-7.077069091796875000e+01,-6.995394897460937500e+01,-7.307458496093750000e+01,-7.070889282226562500e+01,-6.266396713256835938e+01,-5.628015899658203125e+01,-5.916741180419921875e+01,-5.828923034667968750e+01
-6.609577941894531250e+01,-6.303748321533203125e+01,-6.474509429931640625e+01,-5.772754669189453125e+01,-4.262947845458984375e+01,-3.993628311157226562e+01,-4.014958190917968750e+01,-5.454654693603515625e+01,-6.183275985717773438e+01,-5.681116867065429688e+01,-6.684888458251953125e+01,-6.966614532470703125e+01,-6.922724914550781250e+01,-6.436940002441406250e+01,-6.001284790039062500e+01,-5.988685989379882812e+01,-6.142940902709960938e+01,-5.957396697998046875e+01,-5.145969772338867188e+01,-5.502313232421875000e+01,-5.463227844238281250e+01,-5.349509429931640625e+01,-7.043294525146484375e+01,-7.044529724121093750e+01,-7.255886840820312500e+01,-7.075854492187500000e+01,-6.487720489501953125e+01,-6.352109146118164062e+01,-6.320341873168945312e+01,-6.247940444946289062e+01
-6.642224121093750000e+01,-6.254694747924804688e+01,-6.015040206909179688e+01,-5.870929718017578125e+01,-4.367434692382812500e+01,-3.760927581787109375e+01,-3.879570388793945312e+01,-4.701187515258789062e+01,-5.881618881225585938e+01,-5.762395095825195312e+01,-6.876669311523437500e+01,-7.222306823730468750e+01,-6.909678649902343750e+01,-6.939304351806640625e+01,-6.320118713378906250e+01,-6.246402740478515625e+01,-6.140499114990234375e+01,-5.598213195800781250e+01,-5.375164413452148438e+01,-5.809019470214843750e+01,-5.660793685913085938e+01,-5.814038848876953125e+01,-7.480642700195312500e+01,-6.926707458496093750e+01,-7.062939453125000000e+01,-6.967681884765625000e+01,-6.278414154052734375e+01,-6.597368621826171875e+01,-6.099859619140625000e+01,-6.187287521362304688e+01
-6.671640777587890625e+01,-6.443568420410156250e+01,-6.321425628662109375e+01,-5.750119400024414062e+01,-4.114944458007812500e+01,-3.281591033935546875e+01,-4.012128448486328125e+01,-4.377696990966796875e+01,-5.571023559570312500e+01,-5.482929611206054688e+01,-6.643005371093750000e+01,-7.047987365722656250e+01,-7.030319213867187500e+01,-6.756990814208984375e+01,-6.644071197509765625e+01,-6.359784698486328125e+01,-6.304678726196289062e+01,-5.271950912475585938e+01,-5.120230102539062500e+01,-5.221225738525390625e+01,-5.225846481323242188e+01,-5.749132919311523438e+01,-7.141680145263671875e+01,-7.328276062011718750e+01,-6.989727020263671875e+01,-6.832381439208984375e+01,-5.613492202758789062e+01,-6.339268112182617188e+01,-6.097870254516601562e+01,-6.057938003540039062e+01
-6.783879089355468750e+01,-6.470486450195312500e+01,-6.711433410644531250e+01,-6.208328247070312500e+01,-4.319073486328125000e+01,-3.442573165893554688e+01,-4.213552856445312500e+01,-4.526782608032226562e+01,-5.935402297973632812e+01,-5.615386962890625000e+01,-6.683404541015625000e+01,-7.114720916748046875e+01,-6.813991546630859375e+01,-6.680348968505859375e+01,-6.701168823242187500e+01,-6.632694244384765625e+01,-6.249035644531250000e+01,-5.530369949340820312e+01,-4.879951095581054688e+01,-5.033223342895507812e+01,-5.219937896728515625e+01,-5.631114959716796875e+01,-7.222805023193359375e+01,-7.291137695312500000e+01,-7.121027374267578125e+01,-6.891707611083984375e+01,-6.233741760253906250e+01,-6.353693389892578125e+01,-6.551773834228515625e+01,-6.486660766601562500e+01
-7.100930786132812500e+01,-6.602688598632812500e+01,-6.360495758056640625e+01,-6.887120056152343750e+01,-4.767464828491210938e+01,-4.038385391235351562e+01,-4.190026473999023438e+01,-5.222514343261718750e+01,-5.776451110839843750e+01,-5.995112609863281250e+01,-6.783355712890625000e+01,-6.903384399414062500e+01,-7.123767089843750000e+01,-6.970253753662109375e+01,-6.642710113525390625e+01,-6.533379364013671875e+01,-6.550631713867187500e+01,-6.082344818115234375e+01,-5.591953659057617188e+01,-5.761405944824218750e+01,-5.756903457641601562e+01,-6.546327972412109375e+01,-7.411952209472656250e+01,-7.204696655273437500e+01,-7.138619995117187500e+01,-7.011942291259765625e+01,-6.563844299316406250e+01,-6.728498077392578125e+01,-7.002133178710937500e+01,-6.827246093750000000e+01
-6.879460144042968750e+01,-6.526911926269531250e+01,-6.511952209472656250e+01,-6.975154113769531250e+01,-4.995016098022460938e+01,-4.251406478881835938e+01,-4.173644638061523438e+01,-5.237609100341796875e+01,-5.724829101562500000e+01,-6.030463409423828125e+01,-6.882414245605468750e+01,-7.161249542236328125e+01,-7.253261566162109375e+01,-6.750315856933593750e+01,-6.555557250976562500e+01,-6.986202239990234375e+01,-6.602551269531250000e+01,-5.901455307006835938e+01,-6.026151275634765625e+01,-5.998672866821289062e+01,-5.943856048583984375e+01,-6.556470489501953125e+01,-7.099834442138671875e+01,-7.009558105468750000e+01,-7.370779418945312500e+01,-7.152806091308593750e+01,-6.665847015380859375e+01,-6.876173400878906250e+01,-6.625263977050781250e+01,-6.410319519042968750e+01
-6.716673278808593750e+01,-6.524705505371093750e+01,-6.601262664794921875e+01,-6.994836425781250000e+01,-5.047774124145507812e+01,-4.216429138183593750e+01,-4.383387756347656250e+01,-5.010134124755859375e+01,-5.927125549316406250e+01,-5.920874404907226562e+01,-6.962275695800781250e+01,-6.775540924072265625e+01,-7.237078857421875000e+01,-6.861122894287109375e+01,-6.225714874267578125e+01,-6.768696594238281250e+01,-6.599304199218750000e+01,-5.629581832885742188e+01,-5.911016845703125000e+01,-6.174949645996093750e+01,-6.320085144042968750e+01,-6.544242858886718750e+01,-6.947737121582031250e+01,-7.276706695556640625e+01,-7.107111358642578125e+01,-7.135759735107421875e+01,-6.575166320800781250e+01,-6.688474273681640625e+01,-6.203583908081054688e+01,-6.484303283691406250e+01
-6.805110931396484375e+01,-6.310790252685546875e+01,-6.485301208496093750e+01,-6.744326782226562500e+01,-5.304080581665039062e+01,-4.104525756835937500e+01,-4.380249404907226562e+01,-5.219272613525390625e+01,-5.910229110717773438e+01,-5.850471496582031250e+01,-6.783329772949218750e+01,-7.040224456787109375e+01,-7.059960937500000000e+01,-6.911894989013671875e+01,-6.228345489501953125e+01,-6.217351531982421875e+01,-6.360654067993164062e+01,-5.833536911010742188e+01,-6.240222930908203125e+01,-6.628457641601562500e+01,-6.520541381835937500e+01,-6.462843322753906250e+01,-7.159493255615234375e+01,-7.217889404296875000e+01,-6.883048248291015625e+01,-7.077231597900390625e+01,-6.790249633789062500e+01,-6.591812133789062500e+01,-5.989224243164062500e+01,-6.274559020996093750e+01
-6.772555541992187500e+01,-6.431369018554687500e+01,-6.810795593261718750e+01,-6.840359497070312500e+01,-5.499693298339843750e+01,-4.244095611572265625e+01,-4.296287536621093750e+01,-5.564280700683593750e+01,-6.333554077148437500e+01,-6.326313018798828125e+01,-6.762509155273437500e+01,-7.394432830810546875e+01,-7.089004516601562500e+01,-6.751079559326171875e+01,-6.426242828369140625e+01,-6.192044448852539062e+01,-6.281986618041992188e+01,-5.707039260864257812e+01,-6.283903884887695312e+01,-6.497422790527343750e+01,-6.570908355712890625e+01,-6.503067779541015625e+01,-7.273922729492187500e+01,-7.271739196777343750e+01,-6.988978576660156250e+01,-7.143534851074218750e+01,-6.642665100097656250e+01,-6.183428192138671875e+01,-5.986893081665039062e+01,-6.172750854492187500e+01
-6.401340484619140625e+01,-6.462339782714843750e+01,-6.709819030761718750e+01,-6.818273925781250000e+01,-5.259882354736328125e+01,-4.101970291137695312e+01,-3.977324676513671875e+01,-5.268234634399414062e+01,-6.105307769775390625e+01,-6.490137481689453125e+01,-6.748072814941406250e+01,-7.105449676513671875e+01,-6.882318115234375000e+01,-6.747526550292968750e+01,-6.562809753417968750e+01,-6.274208831787109375e+01,-6.554629516601562500e+01,-5.367447280883789062e+01,-5.692830657958984375e+01,-6.452162933349609375e+01,-6.128559494018554688e+01,-6.471923828125000000e+01,-7.135502624511718750e+01,-7.186488342285156250e+01,-7.435601806640625000e+01,-7.093590545654296875e+01,-6.600750732421875000e+01,-5.981752777099609375e+01,-5.534874343872070312e+01,-5.663634109497070312e+01
-6.335150527954101562e+01,-6.657093811035156250e+01,-6.463854980468750000e+01,-6.676200866699218750e+01,-5.501797103881835938e+01,-4.252522277832031250e+01,-4.390513610839843750e+01,-4.928331756591796875e+01,-6.214907836914062500e+01,-6.204149627685546875e+01,-6.804376220703125000e+01,-7.253058624267578125e+01,-6.989369964599609375e+01,-7.107397460937500000e+01,-7.005894470214843750e+01,-6.659030151367187500e+01,-6.611881256103515625e+01,-5.238179779052734375e+01,-5.646184539794921875e+01,-6.708787536621093750e+01,-6.223445129394531250e+01,-6.453666687011718750e+01,-7.026834106445312500e+01,-7.034996032714843750e+01,-7.142720794677734375e+01,-7.071746063232421875e+01,-6.732141113281250000e+01,-6.457678222656250000e+01,-5.877652359008789062e+01,-5.500135040283203125e+01
-6.628143310546875000e+01,-6.739785003662109375e+01,-6.210137939453125000e+01,-6.612283325195312500e+01,-5.475666809082031250e+01,-4.382240295410156250e+01,-4.079627990722656250e+01,-5.148715972900390625e+01,-6.525784301757812500e+01,-6.543434143066406250e+01,-6.920265197753906250e+01,-7.019372558593750000e+01,-7.155677795410156250e+01,-6.990493774414062500e+01,-6.890757751464843750e+01,-6.771449279785156250e+01,-6.604447937011718750e+01,-5.801401901245117188e+01,-6.213674926757812500e+01,-6.865901184082031250e+01,-6.480726623535156250e+01,-6.806988525390625000e+01,-6.985397338867187500e+01,-7.210214233398437500e+01,-7.116079711914062500e+01,-7.196413421630859375e+01,-6.786401367187500000e+01,-6.680020904541015625e+01,-6.142018508911132812e+01,-6.284277725219726562e+01
-6.668555450439453125e+01,-6.543545532226562500e+01,-6.195034027099609375e+01,-6.606741333007812500e+01,-5.365008544921875000e+01,-4.534854888916015625e+01,-4.455218505859375000e+01,-5.196669387817382812e+01,-6.405278015136718750e+01,-6.581440734863281250e+01,-6.717523193359375000e+01,-7.123744201660156250e+01,-7.024898529052734375e+01,-6.725379180908203125e+01,-6.741117095947265625e+01,-6.829840087890625000e+01,-6.786419677734375000e+01,-5.669652557373046875e+01,-6.486264038085937500e+01,-6.577847290039062500e+01,-6.743972778320312500e+01,-6.876591491699218750e+01,-7.353619384765625000e+01,-7.222112274169921875e+01,-7.091910552978515625e+01,-7.244636535644531250e+01,-6.763806152343750000e+01,-6.985348510742187500e+01,-6.555337524414062500e+01,-6.227704238891601562e+01
-6.712728881835937500e+01,-6.250834655761718750e+01,-5.963182830810546875e+01,-6.231224060058593750e+01,-5.096940612792968750e+01,-4.718920898437500000e+01,-4.356951904296875000e+01,-5.322987747192382812e+01,-6.128699493408203125e+01,-6.339656066894531250e+01,-6.838981628417968750e+01,-7.292424011230468750e+01,-7.045651245117187500e+01,-7.211848449707031250e+01,-6.648939514160156250e+01,-6.769553375244140625e+01,-6.617662048339843750e+01,-5.818894195556640625e+01,-6.479776000976562500e+01,-6.748545837402343750e+01,-6.847618103027343750e+01,-6.882931518554687500e+01,-7.370631408691406250e+01,-7.212898254394531250e+01,-7.056452941894531250e+01,-7.105135345458984375e+01,-6.955078887939453125e+01,-6.884649658203125000e+01,-6.748768615722656250e+01,-6.934497833251953125e+01
-6.557990264892578125e+01,-6.310972595214843750e+01,-6.137297058105468750e+01,-6.689110565185546875e+01,-5.472838592529296875e+01,-4.830376052856445312e+01,-4.380188369750976562e+01,-5.298305892944335938e+01,-6.329836273193359375e+01,-6.594992065429687500e+01,-6.770532226562500000e+01,-7.569140625000000000e+01,-7.188870239257812500e+01,-6.879563140869140625e+01,-6.670748901367187500e+01,-6.632200622558593750e+01,-6.546604919433593750e+01,-5.658147048950195312e+01,-6.259909820556640625e+01,-6.829000854492187500e+01,-6.819914245605468750e+01,-6.591719055175781250e+01,-7.025467681884765625e+01,-7.417083740234375000e+01,-7.345248413085937500e+01,-7.314495849609375000e+01,-7.102407836914062500e+01,-6.932590484619140625e+01,-6.674525451660156250e+01,-6.872190856933593750e+01
-6.660741424560546875e+01,-6.439561462402343750e+01,-6.082184219360351562e+01,-6.918529510498046875e+01,-6.019325637817382812e+01,-4.871609115600585938e+01,-4.769181442260742188e+01,-5.760774993896484375e+01,-6.599452209472656250e+01,-6.896112060546875000e+01,-7.218578338623046875e+01,-7.716056060791015625e+01,-7.386783599853515625e+01,-6.977320098876953125e+01,-6.865773773193359375e+01,-7.015885925292968750e+01,-6.827769470214843750e+01,-5.939556503295898438e+01,-6.541163635253906250e+01,-6.888120269775390625e+01,-7.150167083740234375e+01,-6.882769775390625000e+01,-7.523687744140625000e+01,-7.234828186035156250e+01,-7.726129913330078125e+01,-7.760575866699218750e+01,-7.259857177734375000e+01,-7.011560821533203125e+01,-6.971235656738281250e+01,-7.297650909423828125e+01
-7.137641906738281250e+01,-6.795982360839843750e+01,-6.697815704345703125e+01,-6.988912963867187500e+01,-6.598384094238281250e+01,-5.350119781494140625e+01,-4.877979660034179688e+01,-6.289902114868164062e+01,-6.938140106201171875e+01,-6.999647521972656250e+01,-7.846569824218750000e+01,-8.000000000000000000e+01,-7.933397674560546875e+01,-7.594851684570312500e+01,-7.434897613525390625e+01,-7.548512268066406250e+01,-7.004908752441406250e+01,-6.149332809448242188e+01,-6.999764251708984375e+01,-7.025142669677734375e+01,-7.776152038574218750e+01,-7.239849090576171875e+01,-7.934751129150390625e+01,-8.000000000000000000e+01,-8.000000000000000000e+01,-8.000000000000000000e+01,-7.514482879638671875e+01,-6.776423645019531250e+01,-6.720346069335937500e+01,-7.016635131835937500e+01
